objectid,filename,title,creator,date,date is approx?,description,series number,box number ,folder number,subject,location,latitude,longitude,type,format,language,rights,rightsstatement,identifier,display_template,object_location,image_small,image_thumb,image_alt_text,object_transcript
dubois002,paulweisscoverletter.pdf,Letter: 'Telfina' to Josiah E. Dubois,Holocaust Resource Center,1950-01-25,No,Letter to Josiah E. Dubois from Telfina about the current state of affairs on the Ohlendorf and Pohl executions. ,S2_SS4,2-22,386,execution; Ohlendorf; Pohl; Telefina,,,,,application/pdf,,,,paulweisscoverletter,image,/objects/paulweisscoverletter.pdf,/objects/small/paulweisscoverletter_sm.jpg,/objects/thumbs/paulweisscoverletter_th.jpg,,
dubois003,treasurydepartmentthankyou.pdf,"Treasury of Department Response to Josiah ""Joe"" E. Dubois, Jr. Resignation ",Holocaust Resource Center,1946-04-29,No,Letter to Josiah E. Dubois from the Treasury of Department that appreciates his time worked at their department. ,S2_SS4,2-22,386,resignation; letter; communication; Treasury; Department;,,,,,application/pdf,,,,treasurydepartmentthankyou,image,/objects/treasurydepartmentthankyou.pdf,/objects/small/treasurydepartmentthankyou_sm.jpg,/objects/thumbs/treasurydepartmentthankyou_th.jpg,,
dubois004,treasurydepartmentone.pdf,"Josiah E. Dubois, Jr. Resignation Letter Acknowledgment ",Holocaust Resource Center,1944,Yes,"The Treasury Departments written statement of the official resignation of Josiah E. Dubois, Jr.",S2_SS4,2-22,386,Statement; Resignation;,,,,,application/pdf,,,,treasurydepartmentone,image,/objects/treasurydepartmentone.pdf,/objects/small/treasurydepartmentone_sm.jpg,/objects/thumbs/treasurydepartmentone_th.jpg,,
dubois005,thankyoutwo.pdf,Response from the Society for the Prevention of World War III ,Holocaust Resource Center,1949-10-18,No,"The Society for the Prevention of World War III found the report titled ""List of Americans who were instrumental in Scuttling the Allied Policy towards Germany"" was inadequate. ",S2_SS4,2-22,386,Preservation; Scuttling; Page; Society; Allied; Policy; Germany,,,,,application/pdf,,,,thankyoutwo,image,/objects/thankyoutwo.pdf,/objects/small/thankyoutwo_sm.jpg,/objects/thumbs/thankyoutwo_th.jpg,,
dubois006,thankyouone.pdf,Response from the Society for the Prevention of World War III Page Two ,Holocaust Resource Center,1949-10-18,No,Second page to the Response from the Society for the Prevention of World War III ,S2_SS4,2-22,386,World War II; Prevention; Society; Response; ,,,,,application/pdf,,,,thankyouone,image,/objects/thankyouone.pdf,/objects/small/thankyouone_sm.jpg,/objects/thumbs/thankyouone_th.jpg,,
dubois007,shipment.pdf,Invitation to Travel Page Two ,Holocaust Resource Center,1945-10-27,No,Invitational orders five through eight ,S2_SS4,2-22,386,five; eight; Invitational; travel,,,,,application/pdf,,,,shipment,image,/objects/shipment.pdf,/objects/small/shipment_sm.jpg,/objects/thumbs/shipment_th.jpg,,
dubois008,resignationletter.pdf,"Josiah E. Dubois, Jr. Resignation Letter  ",Holocaust Resource Center,1946-04-23,No,"Josiah E. Dubois, Jr. official resignation letter to Fred M. Vinson, Secretary of Treasury ",S2_SS4,2-22,386,resignation; letter; communication; Fred; Vinson; Secretary; of; the; Treasury; Department,,,,,application/pdf,,,,resignationletter,image,/objects/resignationletter.pdf,/objects/small/resignationletter_sm.jpg,/objects/thumbs/resignationletter_th.jpg,,
dubois009,prioritiesofficer_to_edwinpauley.pdf,"Edwin W. Pauley letter to the Priorities Officer Air Transport Command, U.S. Army Air Forces, Paris, France ",Holocaust Resource Center,1945-08-03,No,"Josiah E. Dubois, Jr. has been instructed to come from Berlin to Washington for a special assignment. ",S2_SS4,2-22,386,Air; Transport; Command; Edwin; Pauley; assignment; Washington; Berlin,,,,,application/pdf,,,,prioritiesofficer_to_edwinpauley,image,/objects/prioritiesofficer_to_edwinpauley.pdf,/objects/small/prioritiesofficer_to_edwinpauley_sm.jpg,/objects/thumbs/prioritiesofficer_to_edwinpauley_th.jpg,,
dubois010,patediemconferencetwo.pdf,Second Page of Notes for 'Patediem Conference',Holocaust  Resource Center,1945,Yes,This is the second page of the notes from the 'Patediem Conference',S2_SS4,2-22,386,Patediem; Conference; Second,,,,,application/pdf,,,,patediemconferencetwo,image,/objects/patediemconferencetwo.pdf,/objects/small/patediemconferencetwo_sm.jpg,/objects/thumbs/patediemconferencetwo_th.jpg,,
dubois011,patediemconferenceone.pdf,Notes for 'Patediem Conference',Holocaust Resource Center,1945,Yes,This is the first page of the notes for'Patediem Conference',S2_SS4,2-22,386,Patediem; Confrence; First;,,,,,application/pdf,,,,patediemconferenceone,image,/objects/patediemconferenceone.pdf,/objects/small/patediemconferenceone_sm.jpg,/objects/thumbs/patediemconferenceone_th.jpg,,
dubois012,opposingpaymenttwo.pdf,Second Page of Uruguayan Executive Directors Salary Inquiry ,Holocaust Resource Center,,,"This is the second page of the ""Uruguayan Executives Directors Salary Inquiry""",S2_SS4,2-22,386,"$25,000; Uruguay; Salary; Executive; Director;",,,,,application/pdf,,,,opposingpaymenttwo,image,/objects/opposingpaymenttwo.pdf,/objects/small/opposingpaymenttwo_sm.jpg,/objects/thumbs/opposingpaymenttwo_th.jpg,,
dubois013,opposingpaymentone.pdf,Uruguayan Executive Directors Salary Inquiry ,Holocaust Resource Center,,,"A high official of Uruguay was confused about why a $25,000 per year salary was rejected. Executive Directors and alternates are expected to have higher salaries because of their relocation to other countries. ",S2_SS4,2-22,386,"$25,000; Uruguay; Salary; Executive; Director;",,,,,application/pdf,,,,opposingpaymentone,image,/objects/opposingpaymentone.pdf,/objects/small/opposingpaymentone_sm.jpg,/objects/thumbs/opposingpaymentone_th.jpg,,
dubois014,nuremberg_death_sentences.pdf,Document Written About the Sixteen Nuremberg Death Sentences That Have Not Been Carried Out,Holocaust Resource Center,,,"Discusses the 17 deputies and assistants to Oswald Pohl. It raises concern that 16 deputies have not had their death sentences carried out. The entire document is four pages long, and there are two copies. ",S2_SS4,2-22,386,Oswald Pohl; Pohl; Execution; Death; Sentence; Sixteen; Postponed,,,,,application/pdf,,,,nuremberg_death_sentences,image,/objects/nuremberg_death_sentences.pdf,/objects/small/nuremberg_death_sentences_sm.jpg,/objects/thumbs/nuremberg_death_sentences_th.jpg,,
dubois015,listoneamericansone.pdf,List of Americans Who Played Major Roles in Sabotaging the Allies' Policy Page One,Holocaust Resource Center,,,"Lists five American figures who were plotting against the Allies' policy. The individuals named are: William H. Draper, Jr. | D.C. Humphery | Howard C. Peterson | John J. McCloy | Rufus J. Wysor ",S2_SS4,2-22,386,Americans; Sabotage; Plotting; Policy; Willian; Draper Jr; D.C.; Humphery ; Howard; Peterson; John; McCloy; Wysor,,,,,application/pdf,,,,listoneamericansone,image,/objects/listoneamericansone.pdf,/objects/small/listoneamericansone_sm.jpg,/objects/thumbs/listoneamericansone_th.jpg,,
dubois016,listofamericanstwo.pdf,List of Americans Who Played Major Roles in Sabotaging the Allies' Policy Page Two,Holocaust Resource Center,,,Lists eleven American figures who were plotting against the Allies' policy. The individuals named are: Philip Gaethke | Edward S. Zdunek | P.P. Glover | Laird Bell | Maurice Scharff | W.O. Shelling | Joseph Panuch | Peter Hoaglund | Graeme Howard | Calvin Hoover | John Foster Dulles  ,S2_SS4,2-22,386,Americans; P Sabotage; Plotting; Philip; Gaethke; Edward; Zdunek; P.P.; Glover,,,,,application/pdf,,,,listofamericanstwo,image,/objects/listofamericanstwo.pdf,/objects/small/listofamericanstwo_sm.jpg,/objects/thumbs/listofamericanstwo_th.jpg,,
dubois017,listofamericansthree.pdf,List of Americans Who Played Major Roles in Sabotaging the Allies' Policy Page Three,Holocaust Resource Center,,,Lists five American figures who were plotting against the Allies' policy. The individuals named are: Allen W. Dulles | Paul Nitze | James Forrestal | Robert Lovett | Averill Harriman  ,S2_SS4,2-22,386,Americans; Plotting; Policy; Alen; Dulles; Paul; Nitze; James; Foresstal; Robert; Lovett; Averell; Harriman,,,,,application/pdf,,,,listofamericansthree,image,/objects/listofamericansthree.pdf,/objects/small/listofamericansthree_sm.jpg,/objects/thumbs/listofamericansthree_th.jpg,,
dubois018,listofamericansfour.pdf,List of Americans Who Played Major Roles in Sabotaging the Allies' Policy Page Four,Holocaust Resource Center,,,Lists five American figures who were plotting against the Allies' policy. The individuals named are: Lewis Douglas | Louis Lochner | Gustavo Stopler | Clifford Strike | James Boyd  ,S2_SS4,2-22,386,Lewis; Douglas; Gustavo; Stopler; Clifford; Strike; James; Boyd,,,,,application/pdf,,,,listofamericansfour,image,/objects/listofamericansfour.pdf,/objects/small/listofamericansfour_sm.jpg,/objects/thumbs/listofamericansfour_th.jpg,,
dubois019,invitetravel.pdf,Invitation to Travel ,Holocaust Resource Center,1945-10-27,No,"Invitational travel orders, orders one through four ",S2_SS4,2-22,386,invitational; travel; orders ,,,,,application/pdf,,,,invitetravel,image,/objects/invitetravel.pdf,/objects/small/invitetravel_sm.jpg,/objects/thumbs/invitetravel_th.jpg,,
dubois020,exitcertificate.pdf,"Officer Clearance Form Filled Out by Josiah E. Dubois, Jr. ",Holocaust Resource Center,1945,Yes,"Josiah E. Dubois orders to report to 'Ambassador Audeys Mission.' The date of departure is December 11th, 1945. ",S2_SS4,2-22,386,Aubery; report; December,,,,,application/pdf,,,,exitcertificate,image,/objects/exitcertificate.pdf,/objects/small/exitcertificate_sm.jpg,/objects/thumbs/exitcertificate_th.jpg,,
dubois021,shipment.pdf,Invitational Travel Orders Second Page ,Holocaust Resource Center,1945,Yes,Second page to the Invitational Travel Orders ,S2_SS4,2-22,386,Dubois;,,,,,application/pdf,,,,shipment,image,/objects/shipment.pdf,/objects/small/shipment_sm.jpg,/objects/thumbs/shipment_th.jpg,,
dubois022,judgementofthetribunalcase.pdf,"United States Military Tribunal III: Sitting in the Palace of Justice, Nuremberg, Germany Case #10",Holocaust Resource Center,1948-07-31,Yes,,S2_SS3_10,2-19,356,Palace; Justice; Nuremberg; Case; #10,,,,,application/pdf,,,,judgementofthetribunalcase,image,/objects/judgementofthetribunalcase.pdf,/objects/small/judgementofthetribunalcase_sm.jpg,/objects/thumbs/judgementofthetribunalcase_th.jpg,,
dubois024,nuerenbergrulesofprocedure.pdf,Uniform Rules of Procedure,Holocaust Resource Center,1947-04-04,No,This is the first page of the Uniform Rules of Procedure for Nuernbeerg by the US military,S2_SS3_6,2-15,322,Uniform; Rules; Procedure; Nuremberg,,,,,application/pdf,,,,nuerenbergrulesofprocedure,image,/objects/nuerenbergrulesofprocedure.pdf,/objects/small/nuerenbergrulesofprocedure_sm.jpg,/objects/thumbs/nuerenbergrulesofprocedure_th.jpg,,
dubois025,josiahtowashington.pdf,Invitational Travel Orders ,Holocaust Resource Center,1945-10-27,No,"This is invitational travel orders for a group of individuals invited to  take a specialty military aircraft to travel from Washington D.C., to Tokyo, Japan, Korea, Manchuria, and China, via Manila, Philippines on temporary duty. Once finished, they are requested to return back to Washington D.C. It lists all travel requirements for those invited. ",S2_SS4,2-22,386,Invitational Travel Orders; Washington; Tokyo; Manila,,,,,application/pdf,,,,josiahtowashington,image,/objects/josiahtowashington.pdf,/objects/small/josiahtowashington_sm.jpg,/objects/thumbs/josiahtowashington_th.jpg,,
dubois026,tedtojosiah.pdf,"Letter Request from Ted to Josiah E. Dubois, Jr. ",Holocaust Resource Center,1945-08-29,No,"Letter from Ted to Josiah E. Dubois, Jr. requesting him to sign a form, notarize it, and impress the corporate seal of The Gardens Store. After he signs the form, Ted says he will fill in the word ""zero"" and send it to the collector. ",S2_SS4,2-22,386,Ted; Dubois; Form; Corporate Seal; Letter,,,,,application/pdf,,,,tedtojosiah,image,/objects/tedtojosiah.pdf,/objects/small/tedtojosiah_sm.jpg,/objects/thumbs/tedtojosiah_th.jpg,,
dubois027,josiahticket.pdf,"Ticket Issued to Josiah E. Dubois, Jr. ",Holocaust Education and Resource Center,,,"A ticket issued to Josiah E. Dubois, Jr. entitling him to the facilities of the GHQ. ",S2_SS4,2-22,386,Dubois; Ticket; GHQ,,,,,application/pdf,,,,josiahticket,image,/objects/josiahticket.pdf,/objects/small/josiahticket_sm.jpg,/objects/thumbs/josiahticket_th.jpg,,
dubois028,josiahtreasuryform.pdf,U.S. Treasury Dept. Roll Change Form ,Holocaust Education and Resource Center,1945-07-13,Yes,"Form to confirm that Josiah E. Dubois, Jr. has been reassigned to another position on the Exchange Stabilization Fund.  ",S2_SS4,2-22,386,Edwin; Pauley; Travel,,,,,application/pdf,,,,josiahtreasuryform,image,/objects/josiahtreasuryform.pdf,/objects/small/josiahtreasuryform_sm.jpg,/objects/thumbs/josiahtreasuryform_th.jpg,,
dubois029,edwintojosiah.pdf,"Edwin W. Pauley Travel Order Letter to Josiah E. Dubois, Jr. ",Holocaust Education and Resource Center,1945-08-03,No,"Josiah E. Dubois, Jr. is directed to travel through air from Berlin to Washington D.C. He will meet with Mr. Justin Wolf who will advise him about his duties. ",S2_SS4,2-22,386,Edwin; Pauley; Travel,,,,,application/pdf,,,,edwintojosiah,image,/objects/edwintojosiah.pdf,/objects/small/edwintojosiah_sm.jpg,/objects/thumbs/edwintojosiah_th.jpg,,
dubois030,edwin_nosignature_josiah.pdf,"Edwin W. Pauley Travel Order Letter to Josiah E. Dubois, Jr. with No Signature ",Holocaust Education and Resource Center,,,"Copy of Edwin W. Pauley Travel Order Letter to Josiah E. Dubois, Jr. with no signature and no stamp. ",S2_SS4,2-22,386,Pauley; DuBois; Travel Order; No Signature,,,,,application/pdf,,,,edwin_nosignature_josiah,image,/objects/edwin_nosignature_josiah.pdf,/objects/small/edwin_nosignature_josiah_sm.jpg,/objects/thumbs/edwin_nosignature_josiah_th.jpg,,
dubois067,international_military_packet.pdf,International Military Tribunal Indictment Packet,Holocaust Education and Resource Center,,,"Military indictment packet, with table of contents and list of defendants, delicately stapled together.",2,2-6,229,indictment; packet; table; Contents,,,,,application/pdf,,,,international_military_packet,image,/objects/international_military_packet.pdf,/objects/small/international_military_packet_sm.jpg,/objects/thumbs/international_military_packet_th.jpg,,
dubois068,ig_farben_defensants_list.pdf,Tentative List of I.G. Farben Defendants in the order of their Incident as of 28 February 1947,Holocaust Education and Resource Center,,,List of names of defendants with hand written notes from Josiah DuBois,2,2-6,229,list; defendants; handwritten; notes,,,,,application/pdf,,,,ig_farben_defensants_list,image,/objects/ig_farben_defensants_list.pdf,/objects/small/ig_farben_defensants_list_sm.jpg,/objects/thumbs/ig_farben_defensants_list_th.jpg,,
dubois069,farben_defendant_document.pdf,Description of I.G. Farben's participation in World War 2,Holocaust Education and Resource Center,,,Description of I.G. Farben's participation in the Second World War,2,2-6,229,I.G.; Farben;  Second; World; War,,,,,application/pdf,,,,farben_defendant_document,image,/objects/farben_defendant_document.pdf,/objects/small/farben_defendant_document_sm.jpg,/objects/thumbs/farben_defendant_document_th.jpg,,
dubois070,karl_krauch_offices.pdf,Karl Krauch's associations and offices he held,Holocaust Education and Resource Center,,,List of associations Karl Krauch was a part of between 1932-1945.,2,2-6,229,Karl; Krauch; ,,,,,application/pdf,,,,karl_krauch_offices,image,/objects/karl_krauch_offices.pdf,/objects/small/karl_krauch_offices_sm.jpg,/objects/thumbs/karl_krauch_offices_th.jpg,,
dubois071,krauch_continued.pdf,Karl Krauch's associations continued,Holocaust Education and Resource Center,,,Notes both typed and handwritten about Karl Krauch,2,2-6,229,typed; handwritten;  Karl; Krauch; Notes,,,,,application/pdf,,,,krauch_continued,image,/objects/krauch_continued.pdf,/objects/small/krauch_continued_sm.jpg,/objects/thumbs/krauch_continued_th.jpg,,
dubois072,herman_schmitz_offices.pdf,Herman Scmitz associations and offices he held,Holocaust Education and Resource Center,,,List of associations and offices helf by Herman Scmitz between 1932-1945. Notes both typed and handwritten.,2,2-6,229,List; associations; offices; 1932; 1945;,,,,,application/pdf,,,,herman_schmitz_offices,image,/objects/herman_schmitz_offices.pdf,/objects/small/herman_schmitz_offices_sm.jpg,/objects/thumbs/herman_schmitz_offices_th.jpg,,
dubois073,hermann_schmits_offices.pdf,Herman Scmitz associations continued,Holocaust Education and Resource Center,,,Notes typed about the offices Herman Scmitz held,2,2-6,229,notes; typed; Herman; Schmitz,,,,,application/pdf,,,,hermann_schmits_offices,image,/objects/hermann_schmits_offices.pdf,/objects/small/hermann_schmits_offices_sm.jpg,/objects/thumbs/hermann_schmits_offices_th.jpg,,
dubois074,georg_august_eduard_offices.pdf,Georg August Eduard von Schintzler's associations and offices he held,Holocaust Education and Resource Center,,,List of associations and offices held by Georg August Eduard von Schintzler between 1932-1945. Notes typed.,2,2-6,229,Georg; August; Eduoard; Von; Schnitzler,,,,,application/pdf,,,,georg_august_eduard_offices,image,/objects/georg_august_eduard_offices.pdf,/objects/small/georg_august_eduard_offices_sm.jpg,/objects/thumbs/georg_august_eduard_offices_th.jpg,,
dubois075,georg_august_eduard_von_schintzlers_offices.pdf,Georg August Eduard von Schintzler associations continued,Holocaust Education and Resource Center,,,Notes typed about the offices and associations of Georg August Eduard von Schitzler,2,2-6,229,notes; Associations; typed; 1932; 1945;Georg; August; Eduoard; Von; SchnitzlerHerman; Schmitz,,,,,application/pdf,,,,georg_august_eduard_von_schintzlers_offices,image,/objects/georg_august_eduard_von_schintzlers_offices.pdf,/objects/small/georg_august_eduard_von_schintzlers_offices_sm.jpg,/objects/thumbs/georg_august_eduard_von_schintzlers_offices_th.jpg,,
dubois076,fritz_gajewski_offices.pdf,Fritz Gajwski's associations and offices he held,Holocaust Education and Resource Center,,,List of associations and offices held by Frtiz Gajwski between 1932 - 1945. Notes typed.,2,2-6,229,Lists; Associations; Offices. Fritz; Gajewaski; 1932; 1945;,,,,,application/pdf,,,,Fritz_gajewski_offices,image,/objects/fritz_gajewski_offices.pdf,/objects/small/fritz_gajewski_offices_sm.jpg,/objects/thumbs/fritz_gajewski_offices_th.jpg,,
dubois077,philip_heinrich_horlein_offices.pdf,Philip Heinrich Horlein's associations and offices he held,Holocaust Education and Resource Center,,,List of associations and offices held by Philip Heinrich Horlein between 1932 - 1945. Notes typed with handwritten notes.,2,2-6,229,Lists; Associations; Offices. Philip; Heinrich; Horlein 1932; 1945; Typed; Handwritten; Edits,,,,,application/pdf,,,,philip_heinrich_horlein_offices,image,/objects/philip_heinrich_horlein_offices.pdf,/objects/small/philip_heinrich_horlein_offices_sm.jpg,/objects/thumbs/philip_heinrich_horlein_offices_th.jpg,,
dubois078,johann_august_von_knieriem_offices.pdf,Johann August von Knierim's associations and offices he held,Holocaust Education and Resource Center,,,List of associations and offices held by Johann August von Knieriem between 1932 - 1945. Notes typed with handwritten edits.,2,2-6,229,List; associations; offices; Joachim; August; Von; Knieriem 1932; 1945; Handwritten,,,,,application/pdf,,,,johann_august_von_knieriem_offices,image,/objects/johann_august_von_knieriem_offices.pdf,/objects/small/johann_august_von_knieriem_offices_sm.jpg,/objects/thumbs/johann_august_von_knieriem_offices_th.jpg,,
dubois079,fritz_ter_meer_offices.pdf,Fritz ter Meer's associations and offices he held,Holocaust Education and Resource Center,,,List of associations and offices held by Fritz ter Meer between 1932 - 1945. Notes typed.,2,2-6,229,List; Associations; Offices; Fritz Meer; 1932; 1945,,,,,application/pdf,,,,fritz_ter_meer_offices,image,/objects/fritz_ter_meer_offices.pdf,/objects/small/fritz_ter_meer_offices_sm.jpg,/objects/thumbs/fritz_ter_meer_offices_th.jpg,,
dubois080,christian_schneider_offices.pdf,Christian Schenider's associations and offices he held,Holocaust Education and Resource Center,,,List of associations and offices held by Christian Schneider between 1932 - 1945. Notes typed with handwritten edits.,2,2-6,229,List; Associations; Offices; Christian; Schneid; 1932; 1945 ,,,,,application/pdf,,,,christian_schneider_offices,image,/objects/christian_schneider_offices.pdf,/objects/small/christian_schneider_offices_sm.jpg,/objects/thumbs/christian_schneider_offices_th.jpg,,
dubois081,otto_ambros_offices.pdf,Otto Ambros's associations and offices he held,Holocaust Education and Resource Center,,,List of associations and offices held by Otto Ambros between 1932 - 1945. Notes typed with handwritten edits.,2,2-6,229,List; Associations; Offices; Otto; Ambros,,,,,application/pdf,,,,otto_ambros_offices,image,/objects/otto_ambros_offices.pdf,/objects/small/otto_ambros_offices_sm.jpg,/objects/thumbs/otto_ambros_offices_th.jpg,,
dubois082,max_brueggemann_offices.pdf,Max Brueggemann's associations and offices he held,Holocaust Education and Resource Center,,,List of associations and offices held by Max Brueggemann between 1932 - 1945. Notes typed with handwritten edits.,2,2-6,229,List; Associations; Offices; Max; Brueggemann,,,,,application/pdf,,,,max_brueggemann_offices,image,/objects/max_brueggemann_offices.pdf,/objects/small/max_brueggemann_offices_sm.jpg,/objects/thumbs/max_brueggemann_offices_th.jpg,,
dubois083,ernst_burgin_offices.pdf,Ernst Burgin's associations and offices he held,Holocaust Education and Resource Center,,,List of associations and offices held by Ernst Burgin from 1932 - 1945. Notes typed with handwritten edits.,2,2-6,229,List; Associations; Offices; Ernst; Burgin,,,,,application/pdf,,,,ernst_burgin_offices,image,/objects/ernst_burgin_offices.pdf,/objects/small/ernst_burgin_offices_sm.jpg,/objects/thumbs/ernst_burgin_offices_th.jpg,,
dubois084,heinfich_butefischs_offices_continued.pdf,Second page of Heinfich Butefisch's associations and offices he held,Holocaust Education and Resource Center,,,Second page of a list of associations and offices held  by Heinrich Butefich between 1932 - 1945. Notes typed with handwritten notes. Pages held together with a paperclip.,2,2-6,229,List; Associations; Officers; Heinrich; Butefisch,,,,,application/pdf,,,,heinfich_butefischs_offices_continued,image,/objects/heinfich_butefischs_offices_continued.pdf,/objects/small/heinfich_butefischs_offices_continued_sm.jpg,/objects/thumbs/heinfich_butefischs_offices_continued_th.jpg,,
dubois085,paul_haefliger_offices.pdf,Paul Haefliger's associations and offices he held,Holocaust Education and Resource Center,,,List of associations and offices held by Paul Haefliger between 1932 - 1945. Notes are typed with handwritten edits.,2,2-6,229,List; Associations; Offices; Paul; Haefliger; 1932; 1945; Handwritten,,,,,application/pdf,,,,paul_haefliger_offices,image,/objects/paul_haefliger_offices.pdf,/objects/small/paul_haefliger_offices_sm.jpg,/objects/thumbs/paul_haefliger_offices_th.jpg,,
dubois086,max_ilgners_offices_continued.pdf,Second page of Max Ilgner's associations and offices he held,Holocaust Education and Resource Center,,,Second page of a list of associations and offices held by Max Ilgner between 1932 - 1945. Notes typed with handwritten notes. Pages held together with a paperclip.,2,2-6,229,List; Associations; Offices; Max; Illgner; 1932; 1945; Paper Clip ,,,,,application/pdf,,,,max_ilgners_offices_continued,image,/objects/max_ilgners_offices_continued.pdf,/objects/small/max_ilgners_offices_continued_sm.jpg,/objects/thumbs/max_ilgners_offices_continued_th.jpg,,
dubois087,friedrich_jahne_offices.pdf,Friedrich Jahne's associations and offices he held,Holocaust Education and Resource Center,,,List of associations and offices held by Friedrich Jahne from 1932 - 1945. Notes are typed with handwritten edits.,2,2-6,229,List; Associations; Offices; Friedrech; Jahn,,,,,application/pdf,,,,friedrich_jahne_offices,image,/objects/friedrich_jahne_offices.pdf,/objects/small/friedrich_jahne_offices_sm.jpg,/objects/thumbs/friedrich_jahne_offices_th.jpg,,
dubois088,hans_kuhne_offices.pdf,Hans Kuhne's associations and offices he held,Holocaust Education and Resource Center,,,List of associations and offices held by Hans Kuhne between 1932 - 1945. Notes typed with handwritten edits.,2,2-6,229,List; Associations; Offices; Hans; Kuhne,,,,,application/pdf,,,,hans_kuhne_offices,image,/objects/hans_kuhne_offices.pdf,/objects/small/hans_kuhne_offices_sm.jpg,/objects/thumbs/hans_kuhne_offices_th.jpg,,
dubois089,carl_ludwig_lautenschlaegers_offices.pdf,Carl Ludwig Lautenschlaeger's associations and offices he held,Holocaust Education and Resource Center,,,List of associations and offices held by Carl Ludwig Lautenschlaeger from 1932 - 1945. Notes are typed with handwritten edits.,2,2-6,229,List; Associations; Offices Carl; Ludwig; Lautenschlaeger ,,,,,application/pdf,,,,carl_ludwig_lautenschlaegers_offices,image,/objects/carl_ludwig_lautenschlaegers_offices.pdf,/objects/small/carl_ludwig_lautenschlaegers_offices_sm.jpg,/objects/thumbs/carl_ludwig_lautenschlaegers_offices_th.jpg,,
dubois090,judgeletter.pdf,"Two Amendments: Descision from November 3, 1947",,1947-11-3,Yes,Relating to Hans Bobermin and Hins Karl Faunslau reducing their sentences,,2-22,388,Hans; Bobermin; Hins; Karl; Faunslau,"Niremburg, Germany ",,,,application/pdf,,,,judgeletter,image,/objects/judgeletter.pdf,/objects/small/judgeletter_sm.jpg,/objects/thumbs/judgeletter_th.jpg,,
dubois091,nurembergdeposition.pdf,Section of Deposition from Veizsaeckerr and Wormaonn,,,,Page 72 of a deposition of Weizsaecker and Woermann discussing the various deportations,,2-22,388,Deportations; Weizacker; Woermain,"Niremburg, Germany ",,,,application/pdf,,,,nurembergdeposition,image,/objects/nurembergdeposition.pdf,/objects/small/nurembergdeposition_sm.jpg,/objects/thumbs/nurembergdeposition_th.jpg,,
dubois092,wilhelm_rudolf_manns_offices.pdf,Wilhelm Rudolf's associations and offices he held,Holocaust Education and Resource Center,,,List of associations and offices held by Wilhelm Rudolf from 1932 - 1945. Notes are typed with handwritten edits.,2,2-6,229,List; Associations; Offices; Wilhelm; Rudolf,,,,,application/pdf,,,,wilhelm_rudolf_manns_offices,image,/objects/wilhelm_rudolf_manns_offices.pdf,/objects/small/wilhelm_rudolf_manns_offices_sm.jpg,/objects/thumbs/wilhelm_rudolf_manns_offices_th.jpg,,
dubois093,heinrich_osters_offices.pdf,Heinrich Oster's associations and offices he held,Holocaust Education and Resource Center,,,List of associations and offices held by Heinrich Oster from 1932 - 1945. Document is typed with handwritten notes.,2,2-6,229,List; Associations; Offices. Heinrich; Oster; 1932; 1945,,,,,application/pdf,,,,heinrich_osters_offices,image,/objects/heinrich_osters_offices.pdf,/objects/small/heinrich_osters_offices_sm.jpg,/objects/thumbs/heinrich_osters_offices_th.jpg,,
dubois094,wilhelm_ottos_offices.pdf,Wilhelm Otto's associations and offices he held,Holocaust Education and Resource Center,,,List of associations and offices held by Wilhelm Otto from 1932 - 1945. Notes are typed with handwritten edits.,2,2-6,229,List; Associations; Offices; WIlhelm; Otto\,,,,,application/pdf,,,,wilhelm_ottos_offices,image,/objects/wilhelm_ottos_offices.pdf,/objects/small/wilhelm_ottos_offices_sm.jpg,/objects/thumbs/wilhelm_ottos_offices_th.jpg,,
dubois095,karl_wursters_offices.pdf,Karl Wurster's associations and offices he held,Holocaust Education and Resource Center,,,List of associations and offices held by Karl Wurster from 1932 - 1945. Document is typed with handwritten notes and edits.,2,2-6,229,List; Associations; Offices; Karl; Wurster; 1932; 1945,,,,,application/pdf,,,,karl_wursters_offices,image,/objects/karl_wursters_offices.pdf,/objects/small/karl_wursters_offices_sm.jpg,/objects/thumbs/karl_wursters_offices_th.jpg,,
dubois096,ferdinand_brertrams_offices.pdf,Ferdinand Bertrams' associations and offices he held,Holocaust Education and Resource Center,,,List of associations and offices held by Ferdinand Bertams held from 1932 - 1945. Document is typed with handwritten notes.,2,2-6,229,List; Assoctiatons; Offices; Ferdinand; Bertams; 1932; 1945,,,,,application/pdf,,,,ferdinand_brertrams_offices,image,/objects/ferdinand_brertrams_offices.pdf,/objects/small/ferdinand_brertrams_offices_sm.jpg,/objects/thumbs/ferdinand_brertrams_offices_th.jpg,,
dubois097,helmuth_borgwardts_offices.pdf,Helmuth Borgwardt's associations and offices he held,Holocaust Education and Resource Center,,,List of associations and offices held by Helmuth Borgwardt between 1932 - 1945. Document is typed with handwritten notes.,2,2-6,229,List; Associations; Offices; Helmuth; Borgwardt; 1932; 1945; Typed; Handwritten;,,,,,application/pdf,,,,helmuth_borgwardts_offices,image,/objects/helmuth_borgwardts_offices.pdf,/objects/small/helmuth_borgwardts_offices_sm.jpg,/objects/thumbs/helmuth_borgwardts_offices_th.jpg,,
dubois098,walter_duerrfelds_offices.pdf,Walter Duerrfeld's associations and offices he held,Holocaust Education and Resource Center,,,List of associations and offices held by Walter Duerrfeld between 1932 - 1945. Document is typed with handwritten notes.,2,2-6,229,List; Associations; Offices; Walter; Duerrfeld; 1932; 1945,,,,,application/pdf,,,,walter_duerrfelds_offices,image,/objects/walter_duerrfelds_offices.pdf,/objects/small/walter_duerrfelds_offices_sm.jpg,/objects/thumbs/walter_duerrfelds_offices_th.jpg,,
dubois099,gunther_frank_fahles_offices.pdf,Gunther Frank-Fahie's associations and offices he held,Holocaust Education and Resource Center,,,List of associations and offices held by Gunther Frank-Fahie from 1932 - 1945. Document is typed with handwritten notes.,2,2-6,229,List; Associations; Offices; Gunther; Frank; Fahie,,,,,application/pdf,,,,gunther_frank_fahles_offices,image,/objects/gunther_frank_fahles_offices.pdf,/objects/small/gunther_frank_fahles_offices_sm.jpg,/objects/thumbs/gunther_frank_fahles_offices_th.jpg,,
dubois100,heinrich_gattineau_offices.pdf,Heinrich Gattineau's associations and offices he held,Holocaust Education and Resource Center,,,List of associations and offices held by Heinrich Gattineau from 1932 - 1945. Document is typed with handwritten notes.,2,2-6,229,List; Associations; Offices; Heinrich; Gattineau; 1932; 1945; ,,,,,application/pdf,,,,heinrich_gattineau_offices,image,/objects/heinrich_gattineau_offices.pdf,/objects/small/heinrich_gattineau_offices_sm.jpg,/objects/thumbs/heinrich_gattineau_offices_th.jpg,,
dubois101,ulrich_harerlands_offices.pdf,Ulrich Haberland's associations and offices he held,Holocaust Education and Resource Center,,,List of associations and offices held by Ulrich Haberland between 1932 - 1945. Document is typed with handwritten notes.,2,2-6,229,List; Associations; Offices; Ulrich; Haberland; Handwritten; Notes,,,,,application/pdf,,,,ulrich_harerlands_offices,image,/objects/ulrich_harerlands_offices.pdf,/objects/small/ulrich_harerlands_offices_sm.jpg,/objects/thumbs/ulrich_harerlands_offices_th.jpg,,
dubois102,karl_von_heiders_offices.pdf,Karl von Heider's associations and offices he held,Holocaust Education and Resource Center,,,List of associations and offices held by Karl von Heider from 1932 - 1945. Document is typed with handwritten notes and edits.,2,2-6,229,List; Associations; Offices; Karl; von; Heider; 1932; 1945,,,,,application/pdf,,,,karl_von_heiders_offices,image,/objects/karl_von_heiders_offices.pdf,/objects/small/karl_von_heiders_offices_sm.jpg,/objects/thumbs/karl_von_heiders_offices_th.jpg,,
dubois103,erich_von_der_heydes_offices.pdf,Erich von der Heyde's associations and offices he held,Holocaust Education and Resource Center,,,List of associations and offices held by Erich von der Heyde from 1932 - 1945. Document is typed with handwritten notes.,2,2-6,229,List; Associations; Offices; Erich; Von; Heyde,,,,,application/pdf,,,,erich_von_der_heydes_offices,image,/objects/erich_von_der_heydes_offices.pdf,/objects/small/erich_von_der_heydes_offices_sm.jpg,/objects/thumbs/erich_von_der_heydes_offices_th.jpg,,
dubois104,kurt_krugers_offices.pdf,Kurt Kruger's associations and offices he held,Holocaust Education and Resource Center,,,List of associations and offices held by Kurt Kruger from 1932 - 1945. Document is typed with handwritten notes.,2,2-6,229,List; Associations; Offices; Kurt; Kruger; 1932; 1945,,,,,application/pdf,,,,kurt_krugers_offices,image,/objects/kurt_krugers_offices.pdf,/objects/small/kurt_krugers_offices_sm.jpg,/objects/thumbs/kurt_krugers_offices_th.jpg,,
dubois105,hans_kuglers_offices.pdf,Hans Kugler's associations and offices he held,Holocaust Education and Resource Center,,,List of associations and offices held by Hans Kugler between 1932 - 1945. Notes typed with handwritten edits.,2,2-6,229,List; Associations; Offices; 1932; 1945;,,,,,application/pdf,,,,hans_kuglers_offices,image,/objects/hans_kuglers_offices.pdf,/objects/small/hans_kuglers_offices_sm.jpg,/objects/thumbs/hans_kuglers_offices_th.jpg,,
dubois106,anton_reithingers_offices.pdf,Anton Reithinger's associations and offices he held,Holocaust Education and Resource Center,,,List of associations and offices held by Anton Reithinger from 1932 - 1945.,2,2-6,229,List; Associations; Offices Anton; Rethinger,,,,,application/pdf,,,,anton_reithingers_offices,image,/objects/anton_reithingers_offices.pdf,/objects/small/anton_reithingers_offices_sm.jpg,/objects/thumbs/anton_reithingers_offices_th.jpg,,
dubois107,ernst_struss_offices.pdf,Ernst Struss's associations and offices he held,Holocaust Education and Resource Center,,,List of associations and offices held by Ernst Struss from 1932 - 1945. Notes are typed with handwritten edits.,2,2-6,229,List; Associations; Offices Ernst; Struss,,,,,application/pdf,,,,ernst_struss_offices,image,/objects/ernst_struss_offices.pdf,/objects/small/ernst_struss_offices_sm.jpg,/objects/thumbs/ernst_struss_offices_th.jpg,,
dubois108,jost_terharrs_offices.pdf,Jost Terhaar's associations and offices he held,Holocaust Education and Resource Center,,,List of associations and offices held by Jost Terharr between 1932 - 1945. Document is typed with handwritten notes.,2,2-6,229,List; Associations; Offices; Jost; Terrhar,,,,,application/pdf,,,,jost_terharrs_offices,image,/objects/jost_terharrs_offices.pdf,/objects/small/jost_terharrs_offices_sm.jpg,/objects/thumbs/jost_terharrs_offices_th.jpg,,
dubois109,karl_pfeiffers_offices.pdf,Karl Pfeiffer's associations and offices he held,Holocaust Education and Resource Center,,,List of associations and offices held by Karl Pfeiffer from 1932 - 1945. Document is typed with handwritten edits.,2,2-6,229,List; Associations; Offices;  Karl; Pffeifer,,,,,application/pdf,,,,karl_pfeiffers_offices,image,/objects/karl_pfeiffers_offices.pdf,/objects/small/karl_pfeiffers_offices_sm.jpg,/objects/thumbs/karl_pfeiffers_offices_th.jpg,,
dubois110,ruth_formatting_letter.pdf,Letter to Ruth about Report Formating,Holocaust Education and Resource Center,,,Handwritten Letter to Ruth about formating the report in the rest of the folder. Note is stapled to the first page of the report.,2,2-6,230,Handwritten; Ruth; Formatting; Report,,,,,application/pdf,,,,ruth_formatting_letter,image,/objects/ruth_formatting_letter.pdf,/objects/small/ruth_formatting_letter_sm.jpg,/objects/thumbs/ruth_formatting_letter_th.jpg,,
dubois111,khreport_page_two.pdf,Page 2 of Krauch-Haefliger Report,Holocaust Education and Resource Center,,,Page 2 of the report on Krauch and Haefliger. The report is typed with handwritten edits.,2,2-6,230,Page; 2; Krauch; Haefliger; Typed; Handwritten,,,,,application/pdf,,,,khreport_page_two,image,/objects/khreport_page_two.pdf,/objects/small/khreport_page_two_sm.jpg,/objects/thumbs/khreport_page_two_th.jpg,,
dubois112,khreport_page_three.pdf,Page 3 of Krauch-Haefliger Report,Holocaust Education and Resource Center,,,Page 3 of the report on Krauch and Haefliger. This page is typed.,2,2-6,230,Page; 3; Krauch; Haefliger; Typed; Handwritten,,,,,application/pdf,,,,khreport_page_three,image,/objects/khreport_page_three.pdf,/objects/small/khreport_page_three_sm.jpg,/objects/thumbs/khreport_page_three_th.jpg,,
dubois113,khreport_page_four.pdf,Page 4 of Krauch-Haefliger Report,Holocaust Education and Resource Center,,,Page 4 of the report on Krauch and Haefliger. The page is typed with handwritten edits and scribbled out notes on the left margin. Handwritten note for Ruth on the bottom of the page.,2,2-6,230,Page; 4; Krauch; Haefliger; Typed; Handwritten,,,,,application/pdf,,,,khreport_page_four,image,/objects/khreport_page_four.pdf,/objects/small/khreport_page_four_sm.jpg,/objects/thumbs/khreport_page_four_th.jpg,,
dubois114,khreport_page_five.pdf,Page 5 of Krauch-Haefliger Report,Holocaust Education and Resource Center,,,"Page 5 of the report on Krauch and Haefliger. The page is typed with hand written notes. Notes on the left margin as well as scribbled out sentences in the middle of the report. Stapled to more notes on the back, as well as a formating diagram.",2,2-6,230,Page; 5; Krauch; Haefliger; Typed; Handwritten,,,,,application/pdf,,,,khreport_page_five,image,/objects/khreport_page_five.pdf,/objects/small/khreport_page_five_sm.jpg,/objects/thumbs/khreport_page_five_th.jpg,,
dubois115,khreport_page_six.pdf,Page 6 of Krauch-Haefliger Report,Holocaust Education and Resource Center,,,Page 6 of the report on Krauch and Haefliger. The page is typed with handwritten notes and edits.,2,2-6,230,Page; 6; Krauch; Haefliger; Typed; Handwritten,,,,,application/pdf,,,,khreport_page_six,image,/objects/khreport_page_six.pdf,/objects/small/khreport_page_six_sm.jpg,/objects/thumbs/khreport_page_six_th.jpg,,
dubois116,khreport_page_seven.pdf,Page 7 of Krauch-Haefliger Report,Holocaust Education and Resource Center,,,Page 7 of the report on Krauch and Haefliger. The page is typed with handwritten notes and scribbled out sentences.,2,2-6,230,Page; 7; Krauch; Haefliger; Typed; Handwritten,,,,,application/pdf,,,,khreport_page_seven,image,/objects/khreport_page_seven.pdf,/objects/small/khreport_page_seven_sm.jpg,/objects/thumbs/khreport_page_seven_th.jpg,,
dubois117,khreport_page_eight.pdf,Page 8 of Krauch-Haefliger Report,Holocaust Education and Resource Center,,,Page 8 of the report on Krauch and Haefliger. This page is typed with handwritten notes and scribbled out sentences.,2,2-6,230,Page; 8; Krauch; Haefliger; Typed; Handwritten,,,,,application/pdf,,,,khreport_page_eight,image,/objects/khreport_page_eight.pdf,/objects/small/khreport_page_eight_sm.jpg,/objects/thumbs/khreport_page_eight_th.jpg,,
dubois118,khreport_page_nine.pdf,Page 9 of Krauch-Haefliger Report,Holocaust Education and Resource Center,,,Page 9 of the report on Krauch and Haefliger. This page is typed with handwritten notes and edits.,2,2-6,230,Page; 9; Krauch; Haefliger; Report; Typed; Handwritten,,,,,application/pdf,,,,khreport_page_nine,image,/objects/khreport_page_nine.pdf,/objects/small/khreport_page_nine_sm.jpg,/objects/thumbs/khreport_page_nine_th.jpg,,
dubois119,khreport_page_ten.pdf,Page 10 of Krauch-Haefliger Report,Holocaust Education and Resource Center,,,Page 10 of the report on Krauch and Haefliger. This page is typed with handwritten notes and edits.,2,2-6,230,Page; 10; Krauch; Haefliger; Report; Typed; Handwritten,,,,,application/pdf,,,,khreport_page_ten,image,/objects/khreport_page_ten.pdf,/objects/small/khreport_page_ten_sm.jpg,/objects/thumbs/khreport_page_ten_th.jpg,,
dubois120,khreport_page_eleven.pdf,Page 11 of Krauch-Haefliger Report,Holocaust Education and Resource Center,,,Page 11 of the report on Krauch and Haefliger. Page is typed with handwritten notes and edits.,2,2-6,230,Page; 11; Krauch; Haefliger; Report; Typed; Handwritten,,,,,application/pdf,,,,khreport_page_eleven,image,/objects/khreport_page_eleven.pdf,/objects/small/khreport_page_eleven_sm.jpg,/objects/thumbs/khreport_page_eleven_th.jpg,,
dubois121,khreport_page_twelve.pdf,Page 12 of Krauch-Haefliger Report,Holocaust Education and Resource Center,,,Page 12 of the report on Krauch and Haefliger. This page is typed with handwritten notes and edits.,2,2-6,230,Page; 12; Krauch; Haefliger; Report; Typed; Handwritten,,,,,application/pdf,,,,khreport_page_twelve,image,/objects/khreport_page_twelve.pdf,/objects/small/khreport_page_twelve_sm.jpg,/objects/thumbs/khreport_page_twelve_th.jpg,,
dubois122,khreport_page_thirteen.pdf,Page 13 of Krauch-Haefliger Report,Holocaust Education and Resource Center,,,Page 13 of the report on Krauch and Haefliger. This page is typed with handwritten notes and edits.,2,2-6,230,Page; 13; Krauch; Haefliger; Report; Typed; Handwritten,,,,,application/pdf,,,,khreport_page_thirteen,image,/objects/khreport_page_thirteen.pdf,/objects/small/khreport_page_thirteen_sm.jpg,/objects/thumbs/khreport_page_thirteen_th.jpg,,
dubois123,khreport_page_fourteen.pdf,Page 14 of Krauch-Haefliger Report,Holocaust Education and Resource Center,,,Page 14 of the report on Krauch and Haefliger. This page is typed with minimal edits.,2,2-6,230,Page; 14; Krauch; Haefliger; Report; Typed; Handwritten,,,,,application/pdf,,,,khreport_page_fourteen,image,/objects/khreport_page_fourteen.pdf,/objects/small/khreport_page_fourteen_sm.jpg,/objects/thumbs/khreport_page_fourteen_th.jpg,,
dubois124,khreport_page_fifteen.pdf,Page 15 of Krauch-Haefliger Report,Holocaust Education and Resource Center,,,Page 15 of the report on Krauch and Haefliger. This page is typed.,2,2-6,230,Page; 15; Krauch; Haefliger; Report; Typed; Handwritten,,,,,application/pdf,,,,khreport_page_fifteen,image,/objects/khreport_page_fifteen.pdf,/objects/small/khreport_page_fifteen_sm.jpg,/objects/thumbs/khreport_page_fifteen_th.jpg,,
dubois125,khreport_page_sixteen.pdf,Page 16 of Krauch-Haefliger Report,Holocaust Education and Resource Center,,,Page 16 of the report on Krauch and Haefliger. This page is typed with handwritten notes and edits.,2,2-6,230,Page; 16; Krauch; Haefliger; Report; Typed; Handwritten,,,,,application/pdf,,,,khreport_page_sixteen,image,/objects/khreport_page_sixteen.pdf,/objects/small/khreport_page_sixteen_sm.jpg,/objects/thumbs/khreport_page_sixteen_th.jpg,,
dubois126,khreport_page_seventeen.pdf,Page 17 of Krauch-Haefliger Report,Holocaust Education and Resource Center,,,Page 17 of the report on Krauch and Haefliger. This page is typed with handwritten notes and edits.,2,2-6,230,Page; 17; Krauch; Haefliger; Report; Typed; Handwritten,,,,,application/pdf,,,,khreport_page_seventeen,image,/objects/khreport_page_seventeen.pdf,/objects/small/khreport_page_seventeen_sm.jpg,/objects/thumbs/khreport_page_seventeen_th.jpg,,
dubois127,khreport_page_eighteen.pdf,Page 18 of Krauch-Haefliger Report,Holocaust Education and Resource Center,,,Page 18 of the report on Krauch and Haefliger. This page is typed with handwritten notes and edits.,2,2-6,230,Page; 18; Krauch; Haefliger; Report; Typed; Handwritten,,,,,application/pdf,,,,khreport_page_eighteen,image,/objects/khreport_page_eighteen.pdf,/objects/small/khreport_page_eighteen_sm.jpg,/objects/thumbs/khreport_page_eighteen_th.jpg,,
dubois128,khreport_page_nineteen.pdf,Page 19 of Krauch-Haefliger Report,Holocaust Education and Resource Center,,,Page 19 of the report on Krauch and Haefliger. This page is typed with handwritten edits and notes.,2,2-6,230,Page; 19; Krauch; Haefliger; Report; Typed; Handwritten,,,,,application/pdf,,,,khreport_page_nineteen,image,/objects/khreport_page_nineteen.pdf,/objects/small/khreport_page_nineteen_sm.jpg,/objects/thumbs/khreport_page_nineteen_th.jpg,,
dubois129,khreport_page_twenty.pdf,Page 20 of Krauch-Haefliger Report,Holocaust Education and Resource Center,,,Page 20 of the report on Krauch and Haefliger. This page is typed with handwritten notes and edits.,2,2-6,230,Page; 20; Krauch; Haefliger; Report; Typed; Handwritten,,,,,application/pdf,,,,khreport_page_twenty,image,/objects/khreport_page_twenty.pdf,/objects/small/khreport_page_twenty_sm.jpg,/objects/thumbs/khreport_page_twenty_th.jpg,,
dubois130,khreport_page_twentyone.pdf,Page 21 of Krauch-Haefliger Report,Holocaust Education and Resource Center,,,Page 21 of the report on Krauch and Haefliger. This page is typed with minimal handwritten notes.,2,2-6,230,Page; 21; Krauch; Haefliger; Report; Typed; Handwritten,,,,,application/pdf,,,,khreport_page_twentyone,image,/objects/khreport_page_twentyone.pdf,/objects/small/khreport_page_twentyone_sm.jpg,/objects/thumbs/khreport_page_twentyone_th.jpg,,
dubois131,khreport_page_twentytwo.pdf,Page 22 of Krauch-Haefliger Report,Holocaust Education and Resource Center,,,Page 22 of the report on Krauch and Haefliger. This page is typed with handwritten notes and edits.,2,2-6,230,Page; 22; Krauch; Haefliger; Report; Typed; Handwritten,,,,,application/pdf,,,,khreport_page_twentytwo,image,/objects/khreport_page_twentytwo.pdf,/objects/small/khreport_page_twentytwo_sm.jpg,/objects/thumbs/khreport_page_twentytwo_th.jpg,,
dubois132,khreport_page_twentythree.pdf,Page 23 of Krauch-Haefliger Report,Holocaust Education and Resource Center,,,"Page 23 of the report on Krauch and Haefliger. This page is typed with handwritten notes, stapled onto another sheet of paper.",2,2-6,230,Page; 23; Krauch; Haefliger; Report; Typed; Handwritten,,,,,application/pdf,,,,khreport_page_twentythree,image,/objects/khreport_page_twentythree.pdf,/objects/small/khreport_page_twentythree_sm.jpg,/objects/thumbs/khreport_page_twentythree_th.jpg,,
dubois133,khreport_page_twentyfour.pdf,Page 24 of Krauch-Haefliger Report,Holocaust Education and Resource Center,,,"Page 24 of the report on Krauch and Haefliger. This page is typed with handwritten notes. It is stapled onto another piece of paper with the text ""Six Spaces"".",2,2-6,230,Page; 24; Krauch; Haefliger; Report; Typed; Handwritten,,,,,application/pdf,,,,khreport_page_twentyfour,image,/objects/khreport_page_twentyfour.pdf,/objects/small/khreport_page_twentyfour_sm.jpg,/objects/thumbs/khreport_page_twentyfour_th.jpg,,
dubois134,khreport_page_twentyfive.pdf,Page 25 of Krauch-Haefliger Report,Holocaust Education and Resource Center,,,Page 25 of the report on Krauch and Haefliger. This page is typed with handwritten notes. It is stapled onto another page of typed and handwritten notes.,2,2-6,230,Page; 25; Krauch; Haefliger; Report; Typed; Handwritten,,,,,application/pdf,,,,khreport_page_twentyfive,image,/objects/khreport_page_twentyfive.pdf,/objects/small/khreport_page_twentyfive_sm.jpg,/objects/thumbs/khreport_page_twentyfive_th.jpg,,
dubois135,khreport_page_twentysix.pdf,Page 26 of Krauch-Haefliger Report,Holocaust Education and Resource Center,,,Page 26 of the report on Krauch and Haefliger. This page is typed with handwritten edits and notes. This page is also stapled onto another typed page with handwritten notes.,2,2-6,230,Page; 26; Krauch; Haefliger; Report; Typed; Handwritten,,,,,application/pdf,,,,khreport_page_twentysix,image,/objects/khreport_page_twentysix.pdf,/objects/small/khreport_page_twentysix_sm.jpg,/objects/thumbs/khreport_page_twentysix_th.jpg,,
dubois136,khreport_page_twentyseven.pdf,Page 27 of Krauch-Haefliger Report,Holocaust Education and Resource Center,,,Page 27 of the report on Krauch and Haefliger. This page is typed with handwritten notes.,2,2-6,230,Page; 27; Krauch; Haefliger; Report; Typed; Handwritten,,,,,application/pdf,,,,khreport_page_twentyseven,image,/objects/khreport_page_twentyseven.pdf,/objects/small/khreport_page_twentyseven_sm.jpg,/objects/thumbs/khreport_page_twentyseven_th.jpg,,
dubois137,khreport_page_twentyeight.pdf,Page 28 of Krauch-Haefliger Report,Holocaust Education and Resource Center,,,Page 28 of the report on Krauch and Haefliger. This page is typed with handwritten notes and edits.,2,2-6,230,Page; 28; Krauch; Haefliger; Report; Typed; Handwritten,,,,,application/pdf,,,,khreport_page_twentyeight,image,/objects/khreport_page_twentyeight.pdf,/objects/small/khreport_page_twentyeight_sm.jpg,/objects/thumbs/khreport_page_twentyeight_th.jpg,,
dubois138,khreport_page_twentynine.pdf,Page 29 of Krauch-Haefliger Report,Holocaust Education and Resource Center,,,Page 29 of the report on Krauch and Haefliger. This page is typed with handwritten edits. This page is stapled onto another page,2,2-6,230,Page; 29; Krauch; Haefliger; Report; Typed; Handwritten,,,,,application/pdf,,,,khreport_page_twentynine,image,/objects/khreport_page_twentynine.pdf,/objects/small/khreport_page_twentynine_sm.jpg,/objects/thumbs/khreport_page_twentynine_th.jpg,,
dubois139,khreport_page_thirty.pdf,Page 30 of Krauch-Haefliger Report,Holocaust Education and Resource Center,,,Page 30 of the report on Krauch and Haefliger. This page is typed with handwritten edits.,2,2-6,230,Page; 30; Krauch; Haefliger; Report; Typed; Handwritten,,,,,application/pdf,,,,khreport_page_thirty,image,/objects/khreport_page_thirty.pdf,/objects/small/khreport_page_thirty_sm.jpg,/objects/thumbs/khreport_page_thirty_th.jpg,,
dubois140,khreport_page_thirtyone.pdf,Page 31 of Krauch-Haefliger Report,Holocaust Education and Resource Center,,,Page 31 of the report on Krauch and Haefliger. This page is typed with handwritten notes and edits.,2,2-6,230,Page; 31; Krauch; Haefliger; Report; Typed; Handwritten,,,,,application/pdf,,,,khreport_page_thirtyone,image,/objects/khreport_page_thirtyone.pdf,/objects/small/khreport_page_thirtyone_sm.jpg,/objects/thumbs/khreport_page_thirtyone_th.jpg,,
dubois141,khreport_page_thirtytwo.pdf,Page 32 of Krauch-Haefliger Report,Holocaust Education and Resource Center,,,Page 32 of the report on Krauch and Haefliger. This page is typed with handwritten notes and edits.,2,2-6,230,Page; 32; Krauch; Haefliger; Report; Typed; Handwritten,,,,,application/pdf,,,,khreport_page_thirtytwo,image,/objects/khreport_page_thirtytwo.pdf,/objects/small/khreport_page_thirtytwo_sm.jpg,/objects/thumbs/khreport_page_thirtytwo_th.jpg,,
dubois142,khreport_page_thirtythree.pdf,Page 33 of Krauch-Haefliger Report,Holocaust Education and Resource Center,,,Page 33 of the report on Krauch and Haefliger. This page is typed with handwritten notes and edits.,2,2-6,230,Page; 33; Krauch; Haefliger; Report; Typed; Handwritten,,,,,application/pdf,,,,khreport_page_thirtythree,image,/objects/khreport_page_thirtythree.pdf,/objects/small/khreport_page_thirtythree_sm.jpg,/objects/thumbs/khreport_page_thirtythree_th.jpg,,
dubois143,khreport_page_thirtyfour.pdf,Page 34 of Krauch-Haefliger Report,Holocaust Education and Resource Center,,,Page 34 of the report on Krauch and Haefliger. This page is typed with handwritten notes and edits.,2,2-6,230,Page; 34; Krauch; Haefliger; Report; Typed; Handwritten,,,,,application/pdf,,,,khreport_page_thirtyfour,image,/objects/khreport_page_thirtyfour.pdf,/objects/small/khreport_page_thirtyfour_sm.jpg,/objects/thumbs/khreport_page_thirtyfour_th.jpg,,
dubois144,khreport_page_thirtyfive.pdf,Page 35 of Krauch-Haefliger Report,Holocaust Education and Resource Center,,,Page 35 of the report on Krauch and Haefliger. This page is typed with handwritten notes and edits.,2,2-6,230,Page; 35; Krauch; Haefliger; Report; Typed; Handwritten,,,,,application/pdf,,,,khreport_page_thirtyfive,image,/objects/khreport_page_thirtyfive.pdf,/objects/small/khreport_page_thirtyfive_sm.jpg,/objects/thumbs/khreport_page_thirtyfive_th.jpg,,
dubois145,khreport_page_thirtysix.pdf,Page 36 of Krauch-Haefliger Report,Holocaust Education and Resource Center,,,Page 36 of the report on Krauch and Haefliger. This page is typed with handwritten notes and edits,2,2-6,230,Page; 36; Krauch; Haefliger; Report; Typed; Handwritten,,,,,application/pdf,,,,khreport_page_thirtysix,image,/objects/khreport_page_thirtysix.pdf,/objects/small/khreport_page_thirtysix_sm.jpg,/objects/thumbs/khreport_page_thirtysix_th.jpg,,
dubois146,khreport_page_thirtyseven.pdf,Page 37 of Krauch-Haefliger Report,Holocaust Education and Resource Center,,,Page 37 of the report on Krauch and Haefliger. This page is typed with handwritten notes and edits.,2,2-6,230,Page; 37; Krauch; Haefliger; Report; Typed; Handwritten,,,,,application/pdf,,,,khreport_page_thirtyseven,image,/objects/khreport_page_thirtyseven.pdf,/objects/small/khreport_page_thirtyseven_sm.jpg,/objects/thumbs/khreport_page_thirtyseven_th.jpg,,
dubois147,khreport_page_thirtyeight.pdf,Page 38 of Krauch-Haefliger Report,Holocaust Education and Resource Center,,,Page 38 of the report on Krauch and Haefliger. This page is typed with handwritten notes and edits.,2,2-6,230,Page; 38; Krauch; Haefliger; Report; Typed; Handwritten,,,,,application/pdf,,,,khreport_page_thirtyeight,image,/objects/khreport_page_thirtyeight.pdf,/objects/small/khreport_page_thirtyeight_sm.jpg,/objects/thumbs/khreport_page_thirtyeight_th.jpg,,
dubois148,khreport_page_thirtynine.pdf,Page 39 of Krauch-Haefliger Report,Holocaust Education and Resource Center,,,Page 39 of the report on Krauch and Haefliger. This page is typed with handwritten notes and edits.,2,2-6,230,Page; 39; Krauch; Haefliger; Report; Typed; Handwritten,,,,,application/pdf,,,,khreport_page_thirtynine,image,/objects/khreport_page_thirtynine.pdf,/objects/small/khreport_page_thirtynine_sm.jpg,/objects/thumbs/khreport_page_thirtynine_th.jpg,,
dubois149,khreport_page_forty.pdf,Page 40 of Krauch-Haefliger Report,Holocaust Education and Resource Center,,,Page 40 of the report on Krauch and Haefliger. This page is typed with handwritten notes and edits.,2,2-6,230,Page; 40; Krauch; Haefliger; Report; Typed; Handwritten,,,,,application/pdf,,,,khreport_page_forty,image,/objects/khreport_page_forty.pdf,/objects/small/khreport_page_forty_sm.jpg,/objects/thumbs/khreport_page_forty_th.jpg,,
dubois150,khreport_page_fortyone.pdf,Page 41 of Krauch-Haefliger Report,Holocaust Education and Resource Center,,,Page 41 of the report on Krauch and Haefliger. This page is typed with handwritten notes and edits.,2,2-6,230,Page; 41; Krauch; Haefliger; Report; Typed; Handwritten,,,,,application/pdf,,,,khreport_page_fortyone,image,/objects/khreport_page_fortyone.pdf,/objects/small/khreport_page_fortyone_sm.jpg,/objects/thumbs/khreport_page_fortyone_th.jpg,,
dubois151,khreport_page_fortytwo.pdf,Page 42 of Krauch-Haefliger Report,Holocaust Education and Resource Center,,,"Page 42 of the report on Krauch and Haefliger. This page is typed with handwritten notes and edits. This page is also stapled onto another page with the handwritten note ""Begin 1/3 down page"". There is also text on the back of the page that has been scribbled out.",2,2-6,230,Page; 42; Krauch; Haefliger; Report; Typed; Handwritten,,,,,application/pdf,,,,khreport_page_fortytwo,image,/objects/khreport_page_fortytwo.pdf,/objects/small/khreport_page_fortytwo_sm.jpg,/objects/thumbs/khreport_page_fortytwo_th.jpg,,
dubois152,khreport_page_fortythree.pdf,Page 43 of Krauch-Haefliger Report,Holocaust Education and Resource Center,,,Page 43 of the report on Krauch and Haefliger. This page is typed with minimal handwritten edits.,2,2-6,230,Page; 43; Krauch; Haefliger; Report; Typed; Handwritten,,,,,application/pdf,,,,khreport_page_fortythree,image,/objects/khreport_page_fortythree.pdf,/objects/small/khreport_page_fortythree_sm.jpg,/objects/thumbs/khreport_page_fortythree_th.jpg,,
dubois153,khreport_page_fortyfour.pdf,Page 44 of Krauch-Haefliger Report,Holocaust Education and Resource Center,,,Page 44 of the report on Krauch and Haefliger. This page is typed with minimal handwritten edits and notes.,2,2-6,230,Page; 44; Krauch; Haefliger; Report; Typed; Handwritten,,,,,application/pdf,,,,khreport_page_fortyfour,image,/objects/khreport_page_fortyfour.pdf,/objects/small/khreport_page_fortyfour_sm.jpg,/objects/thumbs/khreport_page_fortyfour_th.jpg,,
dubois154,khreport_page_fortyfive.pdf,Page 45 of Krauch-Haefliger Report,Holocaust Education and Resource Center,,,Page 45 of the report on Krauch and Haefliger. This page is typed with handwritten rewrites.,2,2-6,230,Page; 45; Krauch; Haefliger; Report; Typed; Handwritten,,,,,application/pdf,,,,khreport_page_fortyfive,image,/objects/khreport_page_fortyfive.pdf,/objects/small/khreport_page_fortyfive_sm.jpg,/objects/thumbs/khreport_page_fortyfive_th.jpg,,
dubois155,khreport_page_fortysix.pdf,Page 46 of Krauch-Haefliger Report,Holocaust Education and Resource Center,,,Page 46 of the report on Krauch and Haefliger. This page is typed with minimal handwritten edits and notes.,2,2-6,230,Page; 46; Krauch; Haefliger; Report; Typed; Handwritten,,,,,application/pdf,,,,khreport_page_fortysix,image,/objects/khreport_page_fortysix.pdf,/objects/small/khreport_page_fortysix_sm.jpg,/objects/thumbs/khreport_page_fortysix_th.jpg,,
dubois156,khreport_page_fortyseven.pdf,Page 47 of Krauch-Haefliger Report,Holocaust Education and Resource Center,,,Page 47 of the report on Krauch and Haefliger. This page is typed with minimal handwritten edits.,2,2-6,230,Page; 47; Krauch; Haefliger; Report; Typed; Handwritten,,,,,application/pdf,,,,khreport_page_fortyseven,image,/objects/khreport_page_fortyseven.pdf,/objects/small/khreport_page_fortyseven_sm.jpg,/objects/thumbs/khreport_page_fortyseven_th.jpg,,
dubois157,khreport_page_fortyeight.pdf,Page 48 of Krauch-Haefliger Report,Holocaust Education and Resource Center,,,Page 48 of the report on Krauch and Haefliger. This page is typed with minimal handwritten edits.,2,2-6,230,Page; 48; Krauch; Haefliger; Report; Typed; Handwritten,,,,,application/pdf,,,,khreport_page_fortyeight,image,/objects/khreport_page_fortyeight.pdf,/objects/small/khreport_page_fortyeight_sm.jpg,/objects/thumbs/khreport_page_fortyeight_th.jpg,,
dubois158,khreport_page_fortynine.pdf,Page 49 of Krauch-Haefliger Report,Holocaust Education and Resource Center,,,Page 49 of the report on Krauch and Haefliger. This page is typed with minimal handwritten edits.,2,2-6,230,Page; 49; Krauch; Haefliger; Report; Typed; Handwritten,,,,,application/pdf,,,,khreport_page_fortynine,image,/objects/khreport_page_fortynine.pdf,/objects/small/khreport_page_fortynine_sm.jpg,/objects/thumbs/khreport_page_fortynine_th.jpg,,
dubois159,khreport_page_fifty.pdf,Page 50 of Krauch-Haefliger Report,Holocaust Education and Resource Center,,,Page 50 of the report on Krauch and Haefliger. This page is typed with handwritten edits.,2,2-6,230,Page; 50; Krauch; Haefliger; Report; Typed; Handwritten,,,,,application/pdf,,,,khreport_page_fifty,image,/objects/khreport_page_fifty.pdf,/objects/small/khreport_page_fifty_sm.jpg,/objects/thumbs/khreport_page_fifty_th.jpg,,
dubois160,khreport_page_fiftyone.pdf,Page 51 of Krauch-Haefliger Report,Holocaust Education and Resource Center,,,Page 51 of the report on Krauch and Haefliger. This page is typed.,2,2-6,230,Page; 51; Krauch; Haefliger; Report; Typed; Handwritten,,,,,application/pdf,,,,khreport_page_fiftyone,image,/objects/khreport_page_fiftyone.pdf,/objects/small/khreport_page_fiftyone_sm.jpg,/objects/thumbs/khreport_page_fiftyone_th.jpg,,
dubois161,khreport_page_fiftytwo.pdf,Page 52 of Krauch-Haefliger Report,Holocaust Education and Resource Center,,,Page 52 of the report on Krauch and Haefliger. This page is typed with minimal handwritten edits and notes.,2,2-6,230,Page; 52; Krauch; Haefliger; Report; Typed; Handwritten,,,,,application/pdf,,,,khreport_page_fiftytwo,image,/objects/khreport_page_fiftytwo.pdf,/objects/small/khreport_page_fiftytwo_sm.jpg,/objects/thumbs/khreport_page_fiftytwo_th.jpg,,
dubois162,khreport_page_fiftythree.pdf,Page 53 of Krauch-Haefliger Report,Holocaust Education and Resource Center,,,Page 53 of the report on Krauch and Haefliger. This page is typed with handwritten edits and notes.,2,2-6,230,Page; 53; Krauch; Haefliger; Report; Typed; Handwritten,,,,,application/pdf,,,,khreport_page_fiftythree,image,/objects/khreport_page_fiftythree.pdf,/objects/small/khreport_page_fiftythree_sm.jpg,/objects/thumbs/khreport_page_fiftythree_th.jpg,,
dubois163,khreport_page_fiftyfour.pdf,Page 54 of Krauch-Haefliger Report,Holocaust Education and Resource Center,,,Page 54 of the report on Krauch and Haefliger. This page is typed with minimal handwritten edits and notes.,2,2-6,230,Page; 54; Krauch; Haefliger; Report; Typed; Handwritten,,,,,application/pdf,,,,khreport_page_fiftyfour,image,/objects/khreport_page_fiftyfour.pdf,/objects/small/khreport_page_fiftyfour_sm.jpg,/objects/thumbs/khreport_page_fiftyfour_th.jpg,,
dubois164,khreport_page_fiftyfive.pdf,Page 55 of Krauch-Haefliger Report,Holocaust Education and Resource Center,,,Page 55 of the report on Krauch and Haefliger. This page is typed with handwritten notes and edits.,2,2-6,230,Page; 55; Krauch; Haefliger; Report; Typed; Handwritten,,,,,application/pdf,,,,khreport_page_fiftyfive,image,/objects/khreport_page_fiftyfive.pdf,/objects/small/khreport_page_fiftyfive_sm.jpg,/objects/thumbs/khreport_page_fiftyfive_th.jpg,,
dubois165,khreport_page_fiftysix.pdf,Page 56 of Krauch-Haefliger Report,Holocaust Education and Resource Center,,,Page 56 of the report on Krauch and Haefliger. This page is typed with handwritten notes and edits.,2,2-6,230,Page; 56; Krauch; Haefliger; Report; Typed; Handwritten,,,,,application/pdf,,,,khreport_page_fiftysix,image,/objects/khreport_page_fiftysix.pdf,/objects/small/khreport_page_fiftysix_sm.jpg,/objects/thumbs/khreport_page_fiftysix_th.jpg,,
dubois166,khreport_page_fiftyseven.pdf,Page 57 of Krauch-Haefliger Report,Holocaust Education and Resource Center,,,Page 57 of the report on Krauch and Haefliger. This page is typed with handwritten notes and edits. This page has Page 58 of the report stapled on. Page 58 has a handwritten note to Ruth.,2,2-6,230,Page; 57; Krauch; Haefliger; Report; Typed; Handwritten,,,,,application/pdf,,,,khreport_page_fiftyseven,image,/objects/khreport_page_fiftyseven.pdf,/objects/small/khreport_page_fiftyseven_sm.jpg,/objects/thumbs/khreport_page_fiftyseven_th.jpg,,
dubois167,khreport_page_fiftynine.pdf,Page 59 of Krauch-Haefliger Report,Holocaust Education and Resource Center,,,Page 59 of the report on Krauch and Haefliger. This page is typed with handwritten notes and edits.,2,2-6,230,Page; 59; Krauch; Haefliger; Report; Typed; Handwritten,,,,,application/pdf,,,,khreport_page_fiftynine,image,/objects/khreport_page_fiftynine.pdf,/objects/small/khreport_page_fiftynine_sm.jpg,/objects/thumbs/khreport_page_fiftynine_th.jpg,,
dubois168,khreport_page_sixty.pdf,Page 60 of Krauch-Haefliger Report,Holocaust Education and Resource Center,,,Page 60 of the report on Krauch and Haefliger. This page is typed with minimal handwritten edits.,2,2-6,230,Page; 60; Krauch; Haefliger; Report; Typed; Handwritten,,,,,application/pdf,,,,khreport_page_sixty,image,/objects/khreport_page_sixty.pdf,/objects/small/khreport_page_sixty_sm.jpg,/objects/thumbs/khreport_page_sixty_th.jpg,,
dubois169,khreport_partiii_page_fortysix.pdf,"Page 46, Part III of Krauch-Haefliger Report",Holocaust Education and Resource Center,,,"Page 46, Part III of the report on Krauch and Haefliger. This page is typed with handwritten edits in black pen.",2,2-6,230,Page; 46; Part III; Krauch; Haefliger; Report; Typed; Handwritten; Edits,,,,,application/pdf,,,,khreport_partiii_page_fortysix,image,/objects/khreport_partiii_page_sixtyone.pdf,/objects/small/khreport_partiii_page_sixtyone_sm.jpg,/objects/thumbs/khreport_partiii_page_sixtyone_th.jpg,,
dubois170,khreport_partiii_page_fortyseven.pdf,"Page 47, Part III of Krauch-Haefliger Report",Holocaust Education and Resource Center,,,"Page 47, Part III of the report on Krauch and Haefliger. This page is typed with minimal handwritten notes in black pen.",2,2-6,230,Page; 47; Part III; Krauch; Haefliger; Report; Typed; Handwritten; Notes; Black Pen,,,,,application/pdf,,,,khreport_partiii_page_fortyseven,image,/objects/khreport_partiii_page_sixtytwo.pdf,/objects/small/khreport_partiii_page_sixtytwo_sm.jpg,/objects/thumbs/khreport_partiii_page_sixtytwo_th.jpg,,
dubois171,khreport_partiii_page_fortyeight.pdf,"Page 48, Part III of Krauch-Haefliger Report",Holocaust Education and Resource Center,,,"Page 48, Part III of the report on Krauch and Haefliger. This page is typed with minimal edits in black pen.",2,2-6,230,Page; 48; Part III; Krauch; Haefliger; Report; Typed; Handwritten; Edtis; Black Pen,,,,,application/pdf,,,,khreport_partiii_page_fortyeight,image,/objects/khreport_partiii_page_sixtythree.pdf,/objects/small/khreport_partiii_page_sixtythree_sm.jpg,/objects/thumbs/khreport_partiii_page_sixtythree_th.jpg,,
dubois172,khreport_partiii_page_fortynine.pdf,"Page 49, Part III of Krauch-Haefliger Report",Holocaust Education and Resource Center,,,"Page 49, Part III of the report on Krauch and Haefliger. This page is typed with notes in black pen.",2,2-6,230,Page; 49; Part III; Krauch; Haefliger; Report; Typed; Notes,,,,,application/pdf,,,,khreport_partiii_page_fortynine,image,/objects/khreport_partiii_page_sixtyfour.pdf,/objects/small/khreport_partiii_page_sixtyfour_sm.jpg,/objects/thumbs/khreport_partiii_page_sixtyfour_th.jpg,,
dubois173,khreport_partiii_page_fifty.pdf,"Page 50, Part III of Krauch-Haefliger Report",Holocaust Education and Resource Center,,,"Page 50, Part III of the report on Krauch and Haefliger. This page is typed with handwritten notes and edits in black pen.",2,2-6,230,Page; 50; Part III; Krauch; Haefliger; Report; Typed; Handwritten; Notes; Edits,,,,,application/pdf,,,,khreport_partiii_page_fifty,image,/objects/khreport_partiii_page_sixtyfive.pdf,/objects/small/khreport_partiii_page_sixtyfive_sm.jpg,/objects/thumbs/khreport_partiii_page_sixtyfive_th.jpg,,
dubois174,khreport_partiii_page_fiftyone.pdf,"Page 51, Part III of Krauch-Haefliger Report",Holocaust Education and Resource Center,,,"Page 51, Part III of the report on Krauch and Haefliger. This page is typed with handwritten edits in black pen.",2,2-6,230,Page; 51; Part III; Krauch; Haefliger; Report; Typed; Handwritten; Edits,,,,,application/pdf,,,,khreport_partiii_page_fiftyone,image,/objects/khreport_partiii_page_sixtysix.pdf,/objects/small/khreport_partiii_page_sixtysix_sm.jpg,/objects/thumbs/khreport_partiii_page_sixtysix_th.jpg,,
dubois175,khreport_partiii_page_fiftytwo.pdf,"Page 52, Part III of Krauch-Haefliger Report",Holocaust Education and Resource Center,,,"Page 52, Part III of the report on Krauch and Haefliger. This page is typed with handwritten edits in black pen.",2,2-6,230,Page; 52; Part III; Krauch; Haefliger; Report; Typed; Handwritten; Edits,,,,,application/pdf,,,,khreport_partiii_page_fiftytwo,image,/objects/khreport_partiii_page_sixtyseven.pdf,/objects/small/khreport_partiii_page_sixtyseven_sm.jpg,/objects/thumbs/khreport_partiii_page_sixtyseven_th.jpg,,
dubois176,khreport_partiii_page_fiftythree.pdf,"Page 53, Part III of Krauch-Haefliger Report",Holocaust Education and Resource Center,,,"Page 53, Part III of the report on Krauch and Haefliger. This page is typed with handwritten edits in black pen.",2,2-6,230,Page; 53; Part III; Krauch; Haefliger; Report; Typed; Handwritten; Edits,,,,,application/pdf,,,,khreport_partiii_page_fiftythree,image,/objects/khreport_partiii_page_sixtyeight.pdf,/objects/small/khreport_partiii_page_sixtyeight_sm.jpg,/objects/thumbs/khreport_partiii_page_sixtyeight_th.jpg,,
dubois177,khreport_partiii_page_fiftyfour.pdf,"Page 54, Part III of Krauch-Haefliger Report",Holocaust Education and Resource Center,,,"Page 54, Part III of the report on Krauch and Haefliger. This page is typed with handwritten notes in black pen.",2,2-6,230,Page; 54; Part III; Krauch; Haefliger; Report; Typed; Handwritten; Notes,,,,,application/pdf,,,,khreport_partiii_page_fiftyfour,image,/objects/khreport_partiii_page_sixtynine.pdf,/objects/small/khreport_partiii_page_sixtynine_sm.jpg,/objects/thumbs/khreport_partiii_page_sixtynine_th.jpg,,
dubois178,khreport_partiii_page_fiftyfive.pdf,"Page 55, Part III of Krauch-Haefliger Report",Holocaust Education and Resource Center,,,"Page 55, Part III of the report on Krauch and Haefliger. This page is typed with handwritten edits in both pencil and black pen.",2,2-6,230,Page; 55; Part III; Krauch; Haefliger; Report; Typed; Handwritten; Edits,,,,,application/pdf,,,,khreport_partiii_page_fiftyfive,image,/objects/khreport_partiii_page_seventy.pdf,/objects/small/khreport_partiii_page_seventy_sm.jpg,/objects/thumbs/khreport_partiii_page_seventy_th.jpg,,
dubois179,khreport_partiii_page_fiftysix.pdf,"Page 56, Part III of Krauch-Haefliger Report",Holocaust Education and Resource Center,,,"Page 56, Part III of the report on Krauch and Haefliger. This page is typed with handwritten notes.",2,2-6,230,Page; 56; Part III; Krauch; Haefliger; Report; Typed; Handwritten; Notes,,,,,application/pdf,,,,khreport_partiii_page_fiftysix,image,/objects/paul_dencker_interrogation.pdf,/objects/small/paul_dencker_interrogation_sm.jpg,/objects/thumbs/paul_dencker_interrogation_th.jpg,,
dubois180,khreport_partiii_page_fiftyseven.pdf,"Page 57, Part III of Krauch-Haefliger Report",Holocaust Education and Resource Center,,,"Page 57, Part III of the report on Krauch and Haefliger. This page is typed with handwritten notes.",2,2-6,230,Page; 57; Part III; Krauch; Haefliger; Report; Typed; Handwritten; Notes,,,,,application/pdf,,,,khreport_partiii_page_fiftyseven,image,/objects/paul_dencker_continued.pdf,/objects/small/paul_dencker_continued_sm.jpg,/objects/thumbs/paul_dencker_continued_th.jpg,,
dubois181,khreport_partiii_page_fiftyeight.pdf,"Page 58, Part III of Krauch-Haefliger Report",Holocaust Education and Resource Center,,,"Page 58, Part III of the report on Krauch and Haefliger. This page is typed with minimal handwritten edits.",2,2-6,230,Page; 58; Part III; Krauch; Haefliger; Report; Typed; Handwritten; Edits,,,,,application/pdf,,,,khreport_partiii_page_fiftyeight,image,/objects/georg_von_schnitzler_interrogation.pdf,/objects/small/georg_von_schnitzler_interrogation_sm.jpg,/objects/thumbs/georg_von_schnitzler_interrogation_th.jpg,,
dubois182,khreport_partiii_page_fiftynine.pdf,"Page 59, Part III of Krauch-Haefliger Report",Holocaust Education and Resource Center,,,"Page 59, Part III of the report on Krauch and Haefliger. This page is typed with handwritten edits.",2,2-6,230,Page; 59; Part III; Krauch; Haefliger; Report; Typed; Handwritten; Edits,,,,,application/pdf,,,,khreport_partiii_page_fiftynine,image,/objects/schnitzler_interrogation_two.pdf,/objects/small/schnitzler_interrogation_two_sm.jpg,/objects/thumbs/schnitzler_interrogation_two_th.jpg,,
dubois183,khreport_partiii_page_sixty.pdf,"Page 60, Part III of Krauch-Haefliger Report",Holocaust Education and Resource Center,,,"Page 60, Part III of the report on Krauch and Haefliger. This page is typed with minimal handwritten edits.",2,2-6,230,Page; 60; Part III; Krauch; Haefliger; Report; Typed; Handwritten; Edits,,,,,application/pdf,,,,khreport_partiii_page_sixty,image,/objects/schnitzler_interrogation_three.pdf,/objects/small/schnitzler_interrogation_three_sm.jpg,/objects/thumbs/schnitzler_interrogation_three_th.jpg,,
dubois184,khreport_partiii_page_sixtyone.pdf,"Page 61, Part III of Krauch-Haefliger Report",Holocaust Education and Resource Center,,,"Page 61, Part III of the report on Krauch and Haefliger. This page is typed with minimal handwritten edits.",2,2-6,230,Page; 61; Part III; Krauch; Haefliger; Report; Typed; Handwritten; Edits,,,,,application/pdf,,,,khreport_partiii_page_sixtyone,image,/objects/frank_fahle_interrogation.pdf,/objects/small/frank_fahle_interrogation_sm.jpg,/objects/thumbs/frank_fahle_interrogation_th.jpg,,
dubois185,khreport_partiii_page_sixtytwo.pdf,"Page 62, Part III of Krauch-Haefliger Report",Holocaust Education and Resource Center,,,"Page 62, Part III of the report on Krauch and Haefliger. This page is typed with handwritten notes.",2,2-6,230,Page; 62; Part III; Krauch; Haefliger; Report; Typed; Handwritten; Notes,,,,,application/pdf,,,,khreport_partiii_page_sixtytwo,image,/objects/frank_fahle_continued.pdf,/objects/small/frank_fahle_continued_sm.jpg,/objects/thumbs/frank_fahle_continued_th.jpg,,
dubois186,khreport_partiii_page_sixtythree.pdf,"Page 63, Part III of Krauch-Haefliger Report",Holocaust Education and Resource Center,,,"Page 63, Part III of the report on Krauch and Haefliger. This page is typed with handwritten notes.",2,2-6,230,Page; 63; Part III; Krauch; Haefliger; Report; Typed; Handwritten; Notes,,,,,application/pdf,,,,khreport_partiii_page_sixtythree,image,/objects/wilhelm_mann_charges.pdf,/objects/small/wilhelm_mann_charges_sm.jpg,/objects/thumbs/wilhelm_mann_charges_th.jpg,,
dubois187,khreport_partiii_page_sixtyfour.pdf,"Page 64, Part III of Krauch-Haefliger Report",Holocaust Education and Resource Center,,,"Page 64, Part III of the report on Krauch and Haefliger. This page is typed with minimal handwritten notes and edits.",2,2-6,230,Page; 64; Part III; Krauch; Haefliger; Report; Typed; Handwritten; Notes; Edits,,,,,application/pdf,,,,khreport_partiii_page_sixtyfour,image,/objects/heinrich_buetefisch_charges.pdf,/objects/small/heinrich_buetefisch_charges_sm.jpg,/objects/thumbs/heinrich_buetefisch_charges_th.jpg,,
dubois188,khreport_partiii_page_sixtyfive.pdf,"Page 65, Part III of Krauch-Haefliger Report",Holocaust Education and Resource Center,,,"Page 65, Part III of the report on Krauch and Haefliger. This page is typed with minimal handwritten notes.",2,2-6,230,Page; 65; Part III; Krauch; Haefliger; Report; Typed; Handwritten; Notes; Edits,,,,,application/pdf,,,,khreport_partiii_page_sixtyfive,image,/objects/paul_haefliger_charges.pdf,/objects/small/paul_haefliger_charges_sm.jpg,/objects/thumbs/paul_haefliger_charges_th.jpg,,
dubois189,khreport_partiii_page_sixtysix.pdf,"Page 66, Part III of Krauch-Haefliger Report",Holocaust Education and Resource Center,,,"Page 66, Part III of the report on Krauch and Haefliger. This page is typed with minimal handwritten notes and edits.",2,2-6,230,Page; 66; Part III; Krauch; Haefliger; Report; Typed; Handwritten; Notes; Edits,,,,,application/pdf,,,,khreport_partiii_page_sixtysix,image,/objects/friedrich_jaehne_charges.pdf,/objects/small/friedrich_jaehne_charges_sm.jpg,/objects/thumbs/friedrich_jaehne_charges_th.jpg,,
dubois190,khreport_partiii_page_sixtyseven.pdf,"Page 67, Part III of Krauch-Haefliger Report",Holocaust Education and Resource Center,,,"Page 67, Part III of the report on Krauch and Haefliger. This page is typed with handwritten notes and edits.",2,2-6,230,Page; 67; Part III; Krauch; Haefliger; Report; Typed; Handwritten; Notes; Edits,,,,,application/pdf,,,,khreport_partiii_page_sixtyseven,image,/objects/carl_lautenschlaeger_charges.pdf,/objects/small/carl_lautenschlaeger_charges_sm.jpg,/objects/thumbs/carl_lautenschlaeger_charges_th.jpg,,
dubois191,khreport_partiii_page_sixtyeight.pdf,"Page 68, Part III of Krauch-Haefliger Report",Holocaust Education and Resource Center,,,"Page 68, Part III of the report on Krauch and Haefliger. This page is typed wtih handwritten notes.",2,2-6,230,Page; 68; Part III; Krauch; Haefliger; Report; Typed; Handwritten; Notes,,,,,application/pdf,,,,khreport_partiii_page_sixtyeight,image,/objects/walter_duerrfeld_charges.pdf,/objects/small/walter_duerrfeld_charges_sm.jpg,/objects/thumbs/walter_duerrfeld_charges_th.jpg,,
dubois192,khreport_partiii_page_sixtynine.pdf,"Page 69, Part III of Krauch-Haefliger Report",Holocaust Education and Resource Center,,,"Page 69, Part III of the report on Krauch and Haefliger. This page is typed with minimal handwritten notes and edits.",2,2-6,230,Page; 69; Part III; Krauch; Haefliger; Report; Typed; Handwritten; Notes; Edits,,,,,application/pdf,,,,khreport_partiii_page_sixtynine,image,/objects/hermann_schmitz_charges.pdf,/objects/small/hermann_schmitz_charges_sm.jpg,/objects/thumbs/hermann_schmitz_charges_th.jpg,,
dubois193,khreport_partiii_page_seventy.pdf,"Page 70, Part III of Krauch-Haefliger Report",Holocaust Education and Resource Center,,,"Page 70, Part III of the report on Krauch and Haefliger. This page is typed with minimal handwritten notes. (This report continues).",2,2-6,230,Page; 70; Part III; Krauch; Haefliger; Report; Typed; Handwritten; Notes;,,,,,application/pdf,,,,khreport_partiii_page_seventy,image,/objects/fritz_gajewski_charges.pdf,/objects/small/fritz_gajewski_charges_sm.jpg,/objects/thumbs/fritz_gajewski_charges_th.jpg,,
dubois194,paul_dencker_interrogation.pdf,Interrogation of Paul Dencker,Holocaust Education and Resource Center,1947-6-2,No,First page of the transcript of the interrogation of Paul Dencker. The transcript is held together with a paper clip. Some pages are creased.,2,2-6,231,Interrogation; Paul; Dencker; Transcript,,,,,application/pdf,,,,paul_dencker_interrogation,image,/objects/friedrich_hermmann_charges.pdf,/objects/small/friedrich_hermmann_charges_sm.jpg,/objects/thumbs/friedrich_hermmann_charges_th.jpg,,
dubois195,paul_dencker_continued.pdf,Interrogation of Paul Dencker Continued,Holocaust Education and Resource Center,1947-6-3,No,First page of the transcript of the continued interrogation of Paul Dencker. The transcript is held together with a paper clip. The pages are creased.,2,2-6,231,Interrogation; Paul; Dencker; Continued; Transcript,,,,,application/pdf,,,,paul_dencker_continued,image,/objects/insert_a_defendants.pdf,/objects/small/insert_a_defendants_sm.jpg,/objects/thumbs/insert_a_defendants_th.jpg,,
dubois196,georg_von_schnitzler_interrogation.pdf,Interrogation of Dr Georg von Schnitzler,Holocaust Education and Resource Center,1947-3-24,No,First page of the transcript of the interrogation of Dr Georg von Schnitzler. The transcript is held together with a staple. Some of the pages are creased.,2,2-6,231,Interrogation; Georg; von; Schnitzler; Transcript,,,,,application/pdf,,,,georg_von_schnitzler_interrogation,image,/objects/farben_case_one.pdf,/objects/small/farben_case_one_sm.jpg,/objects/thumbs/farben_case_one_th.jpg,,
dubois197,schnitzler_interrogation_two.pdf,Interrogation of Dr Georg von Schnitzler 2,Holocaust Education and Resource Center,1947-3-16,No,First page of the transcript of the interrogation of Dr Georg von Schnitzler. The transcript is held together with a staple. Some of the pages are creased.,2,2-6,231,Interrogation; Georg; von; Schnitzler; Transcript,,,,,application/pdf,,,,schnitzler_interrogation_two,image,/objects/farben_case_two.pdf,/objects/small/farben_case_two_sm.jpg,/objects/thumbs/farben_case_two_th.jpg,,
dubois198,schnitzler_interrogation_three.pdf,Interrogation of Dr Gerog von Schnitzler 3,Holocaust Education and Resource Center,1947-3-15,No,First page of the transcript of the interrogation of Dr Georg von Schnitzler. The transcript is held together with a staple. Some of the pages are creased.,2,2-6,231,Interrogation; Schnitzler; Transcript,,,,,application/pdf,,,,schnitzler_interrogation_three,image,/objects/farben_case_three.pdf,/objects/small/farben_case_three_sm.jpg,/objects/thumbs/farben_case_three_th.jpg,,
dubois199,frank_fahle_interrogation.pdf,Interrogation of Dr Gunther Frank-Fahle,Holocaust Education and Resource Center,1947-5-30,No,First page of the transcript of the interrogation of Dr Gunther Frank-Fahle. The transcript is held together with a staple. Some of the pages are creased.,2,2-6,231,Interrogation; Gunther; Frank-Fahle; Transcript,,,,,application/pdf,,,,frank_fahle_interrogation,image,/objects/frank_fahle_interrogation.pdf,/objects/small/frank_fahle_interrogation_sm.jpg,/objects/thumbs/frank_fahle_interrogation_th.jpg,,
dubois200,frank_fahle_continued.pdf,Interrogation of Dr Gunther Frank-Fahle Continued,Holocaust Education and Resource Center,1947-6-10,No,First page of the transcript of the interrogation of Dr Gunther Frank-Fahle. The transcript is held together with a staple. Some of the pages are creased.,2,2-6,231,Interrogation; Gunther; Frank-Fahle; Continued; Transcript,,,,,application/pdf,,,,frank_fahle_continued,image,/objects/frank_fahle_continued.pdf,/objects/small/frank_fahle_continued_sm.jpg,/objects/thumbs/frank_fahle_continued_th.jpg,,
dubois204,wilhelm_mann_charges.pdf,Wilhelm Rudolf Mann's Charges,Holocaust Education and Resource Center,,,Packet of the charges on Wilhelm Rudolf Mann. It it a packet with two staples on the side.,2,2-6,232,Charges; Wilhelm; Rudolf; Mann; Packet,,,,,application/pdf,,,,wilhelm_mann_charges,image,/objects/wilhelm_mann_charges.pdf,/objects/small/wilhelm_mann_charges_sm.jpg,/objects/thumbs/wilhelm_mann_charges_th.jpg,,
dubois205,heinrich_buetefisch_charges.pdf,Heinrich Buetefisch's Charges,Holocaust Education and Resource Center,,,Packet of the charges on Heinrich Buetefisch. It is a packet with two staples on the side.,2,2-6,232,Charges; Heinrich; Buetefisch; Packet,,,,,application/pdf,,,,heinrich_buetefisch_charges,image,/objects/heinrich_buetefisch_charges.pdf,/objects/small/heinrich_buetefisch_charges_sm.jpg,/objects/thumbs/heinrich_buetefisch_charges_th.jpg,,
dubois206,paul_haefliger_charges.pdf,Paul Haefliger's Charges,Holocaust Education and Resource Center,,,Packet of the charges on Paul Haefliger. It is a packet with two staples on the side.,2,2-6,232,Charges; Haefliger; Packet,,,,,application/pdf,,,,paul_haefliger_charges,image,/objects/paul_haefliger_charges.pdf,/objects/small/paul_haefliger_charges_sm.jpg,/objects/thumbs/paul_haefliger_charges_th.jpg,,
dubois207,friedrich_jaehne_charges.pdf,Friedrich Jaehne's Charges,Holocaust Education and Resource Center,,,Packet of the charges on Friedrich Jaehne. This packet has two staples on the side.,2,2-6,233,Charges; Friedrich; Jaehne; Packet ,,,,,application/pdf,,,,friedrich_jaehne_charges,image,/objects/friedrich_jaehne_charges.pdf,/objects/small/friedrich_jaehne_charges_sm.jpg,/objects/thumbs/friedrich_jaehne_charges_th.jpg,,
dubois208,carl_lautenschlaeger_charges.pdf,Carl Lautenschlaeger's Charges,Holocaust Education and Resource Center,,,Packet of the charges on Carl Lautenschlaeger. This packet has two staples on the sides.,2,2-6,233,Charges; Carl; Lautenschlaeger; Packet,,,,,application/pdf,,,,carl_lautenschlaeger_charges,image,/objects/carl_lautenschlaeger_charges.pdf,/objects/small/carl_lautenschlaeger_charges_sm.jpg,/objects/thumbs/carl_lautenschlaeger_charges_th.jpg,,
dubois209,walter_duerrfeld_charges.pdf,Walter Duerrfeld's Charges,Holocaust Education and Resource Center,,,Packet of the charges on Walter Duerrfeld. This packet is held together with two staples on the side.,2,2-6,233,Charges; Walter; Duerrfeld; Packet,,,,,application/pdf,,,,walter_duerrfeld_charges,image,/objects/walter_duerrfeld_charges.pdf,/objects/small/walter_duerrfeld_charges_sm.jpg,/objects/thumbs/walter_duerrfeld_charges_th.jpg,,
dubois210,hermann_schmitz_charges.pdf,Hermann Schmitz's Charges,Holocaust Education and Resource Center,,,Packet of the charges on Hermann Schmitz.,2,2-6,234,Charges; Schmitz; Packet ,,,,,application/pdf,,,,hermann_schmitz_charges,image,/objects/hermann_schmitz_charges.pdf,/objects/small/hermann_schmitz_charges_sm.jpg,/objects/thumbs/hermann_schmitz_charges_th.jpg,,
dubois211,fritz_gajewski_charges.pdf,Fritz Gajewski's Charges,Holocaust Education and Resource Center,,,Packet of the charges on Frtiz Gajewski.,2,2-6,234,Charges; Fritz; Gajewski; Packet,,,,,application/pdf,,,,fritz_gajewski_charges,image,/objects/fritz_gajewski_charges.pdf,/objects/small/fritz_gajewski_charges_sm.jpg,/objects/thumbs/fritz_gajewski_charges_th.jpg,,
dubois212,friedrich_hermmann_charges.pdf,Friedrich Hermann's Charges,Holocaust Education and Resource Center,,,Packet of the charges on Fritz (Friedrich Herman) ter Meer's charges.,2,2-6,234,Charges; Fritz; Gajewski; Packet,,,,,application/pdf,,,,friedrich_hermmann_charges,image,/objects/friedrich_hermmann_charges.pdf,/objects/small/friedrich_hermmann_charges_sm.jpg,/objects/thumbs/friedrich_hermmann_charges_th.jpg,,
dubois213,insert_a_defendants.pdf,"Insert ""A"" Defendant Classifiations",Holocaust Education and Resource Center,,,"A packet of defendants, their offices held, and charges. It is held together with a paperclip. There are three copies of this packet",2,2-6,235,Defendants; Charges; Packet; Copies,,,,,application/pdf,,,,insert_a_defendants,image,/objects/insert_a_defendants.pdf,/objects/small/insert_a_defendants_sm.jpg,/objects/thumbs/insert_a_defendants_th.jpg,,
dubois214,farben_case_one.pdf,Personalities related to the I.G. Farben Case ,Holocaust Education and Resource Center,,,"The final page of a packet about the related individuals and personalities to the I.G. Farben case. this is the end of the packet, it is seperated from the rest of the packet.",2,2-6,236,Individuals; Personalities; I.G. Farben Case; Packet; Final Page,,,,,application/pdf,,,,farben_case_one,image,/objects/farben_case_one.pdf,/objects/small/farben_case_one_sm.jpg,/objects/thumbs/farben_case_one_th.jpg,,
dubois215,farben_case_two.pdf,Personalities related to the I.G. Farben Case Packet,Holocaust Education and Resource Center,,,A majority of the packet about the individuals and personalities related to the I.G. Farben case. It is held together with a staple and a paperclip.,2,2-6,236,Individuals; Personalities; I.G. Farben Case; Packet,,,,,application/pdf,,,,farben_case_two,image,/objects/farben_case_two.pdf,/objects/small/farben_case_two_sm.jpg,/objects/thumbs/farben_case_two_th.jpg,,
dubois216,farben_case_three.pdf,Personalities related to the I.G. Farben Case Final Page,Holocaust Education and Resource Center,,,A page of the packet on the individuals related to the I.G. Farben case. This page is seperated from the rest of the packet.,2,2-6,236,Individuals; I.G. Farben Case; Packet; Page,,,,,application/pdf,,,,farben_case_three,image,/objects/farben_case_three.pdf,/objects/small/farben_case_three_sm.jpg,/objects/thumbs/farben_case_three_th.jpg,,
dubois217,px_card_memo.pdf,Memo from DuBois about Betty Keane's Ration Card in Germany,Holocaust Education and Resource Center,,,A memo from Josiah DuBois about a rations card for Betty Keane during her time in Germany.,2,2-6,237,Memo; DuBois; Rations; Card; Keane; Germany,,,,,application/pdf,,,,px_card_memo,image,/objects/px_card_memo.pdf,/objects/small/px_card_memo_sm.jpg,/objects/thumbs/px_card_memo_th.jpg,,
dubois218,june_note.pdf,Handwritten Note from DuBois Dated June 2,Holocaust Education and Resource Center,June 2,Yes,A handwritten note from Josiah DuBois,2,2-6,237,Handwritten; Note; DuBois,,,,,application/pdf,,,,june_note,image,/objects/june_note.pdf,/objects/small/june_note_sm.jpg,/objects/thumbs/june_note_th.jpg,,
dubois219,strength_report.pdf,Strength Report for the Farben Trial Team,Holocaust Education and Resource Center,1947-7-2,No,"List of people working on the Farben Trial team, their position, and rating.",2,2-6,237,List; Farben; Trial; Team; People; Positions; Ratings,,,,,application/pdf,,,,strength_report,image,/objects/strength_report.pdf,/objects/small/strength_report_sm.jpg,/objects/thumbs/strength_report_th.jpg,,
dubois220,ee_minskoff_recommendation.pdf,Recommendation Memo for E.E. Minskoff to Join the Farben Trial Team,Holocaust Education and Resource Center,,,"Memo suggesting E.E. Minskoff to join Farben Trial Team, with points of his skills for cross-examination for the defense. Signed by Josiah DuBois.",2,2-6,237,Memo; Minskoff; Farben; Trial; Team; Cross-Examination; Defense,,,,,application/pdf,,,,ee_minskoff_recommendation,image,/objects/ee_minskoff_recommendation.pdf,/objects/small/ee_minskoff_recommendation_sm.jpg,/objects/thumbs/ee_minskoff_recommendation_th.jpg,,
dubois221,wagner_recommendation.pdf,Recommendation Letter for Hans Wagner to Assist the Farben Trial Team,Holocaust Education and Resource Center,1947-6-16,No,Letter suggesting Dr Hans Wagner obtain work in the Nurnberg area so the Farben Trial Team can consult him for information on Farben and his associates. We well as Dr Wagner being a possible witness during the trial.,2,2-6,237,Letter; Wagner; Hans; Nurnberg; Farben Trial Team; Witness,,,,,application/pdf,,,,wagner_recommendation,image,/objects/wagner_recommendation.pdf,/objects/small/wagner_recommendation_sm.jpg,/objects/thumbs/wagner_recommendation_th.jpg,,
dubois222,list_of_duties.pdf,List of Duties for the Farben Trial,Holocaust Education and Resource Center,1946-12-6,No,List of duties for the Farben Trial. This document is very faded and hard to read.,2,2-6,237,List; Duties; Farben; Trial; Faded; Document,,,,,application/pdf,,,,list_of_duties,image,/objects/list_of_duties.pdf,/objects/small/list_of_duties_sm.jpg,/objects/thumbs/list_of_duties_th.jpg,,
dubois225,betty_keane_federal_employment.pdf,Federal Employment Form for Betty Keane,Holocaust Education and Resource Center,,,Federal employment form for Betty Keane.,2,2-6,237,Federal; Employment; Keane,,,,,application/pdf,,,,betty_keane_federal_employment,image,/objects/betty_keane_federal_employment.pdf,/objects/small/betty_keane_federal_employment_sm.jpg,/objects/thumbs/betty_keane_federal_employment_th.jpg,,
dubois226,ok_memo.pdf,Short Memo to DuBois with Attached Letter,Holocaust Education and Resource Center,,,Short memo to Josiah. This memo has a letter stapled onto the back.,2,2-6,237,Memo; Josiah; Letter,,,,,application/pdf,,,,ok_memo,image,/objects/ok_memo.pdf,/objects/small/ok_memo_sm.jpg,/objects/thumbs/ok_memo_th.jpg,,
dubois228,personnel_assignments_memo.pdf,Memo on Personnel Assignments for the Farben Trial,Holocaust Education and Resource Center,1947-4-14,No,"Memo on the trial assignments of Hubert Meurer, Loretta Guenthner, Herbert W. Steinitz, Alfred Elbau, and Mary Kaufman.",2,2-6,237,Personnel; Trial Assignments; Hubert Meurer; Loretta Guenthner; Herbert W. Steinitz; Alfred Elbau; Mary Kaufman,,,,,application/pdf,,,,personnel_assignments_memo,image,/objects/personnel_assignments_memo.pdf,/objects/small/personnel_assignments_memo_sm.jpg,/objects/thumbs/personnel_assignments_memo_th.jpg,,
dubois229,ee_minskoff_tasks.pdf,Memo on E.E. Minskoff’s Tasks for the I.G. Farben Trial,Holocaust Education and Resource Center,,,Memo on E.E. Minskoff's tasks and responsibilities during his time in the I.G. Farben trial.,2,2-6,237,Memo; Minskoff; Tasks; Responsibilities; I.G. Farben Trial,,,,,application/pdf,,,,ee_minskoff_tasks,image,/objects/ee_minskoff_tasks.pdf,/objects/small/ee_minskoff_tasks_sm.jpg,/objects/thumbs/ee_minskoff_tasks_th.jpg,,
dubois231,mann_arival.pdf,Memo to DuBois about Mann’s Arrival in Nurnberg,Holocaust Education and Resource Center,1947-3-15,No,Memo to DuBois on James H. Mann's arrival to Nurnberg in March.,2,2-6,237,Memo; Mann; Arrival; Nurnberg,,,,,application/pdf,,,,mann_arival,image,/objects/mann_arival.pdf,/objects/small/mann_arival_sm.jpg,/objects/thumbs/mann_arival_th.jpg,,
dubois232,miss_pick_resignation.pdf,Memo on Pick’s Resignation and Recommendation Request,Holocaust Education and Resource Center,1947-5-20,No,Memo on Miss Pick's resignation and request for letter of recommendation,2,2-6,237,Memo; Pick; Resignation; Recommendation,,,,,application/pdf,,,,miss_pick_resignation,image,/objects/miss_pick_resignation.pdf,/objects/small/miss_pick_resignation_sm.jpg,/objects/thumbs/miss_pick_resignation_th.jpg,,
dubois233,dr_ungar_assignment.pdf,Memo on Ungar’s Assignment to the Farben Trial,Holocaust Education and Resource Center,1947-5-23,No,"This memo is on the assignment of Dr Ungar, as well as discussing other members of the Farben trial and their current tasks.",2,2-6,237,Memo; Ungar; Assignment; Farben Trial; Current Tasks,,,,,application/pdf,,,,dr_ungar_assignment,image,/objects/dr_ungar_assignment.pdf,/objects/small/dr_ungar_assignment_sm.jpg,/objects/thumbs/dr_ungar_assignment_th.jpg,,
dubois234,promotion_memo.pdf,Promotion Notice for Mery-Turley,Holocaust Education and Resource Center,1947-5-26,No,"This notice is on the promotion of Mery-Turley from Clerk-Stenographer to Secretary, effective June 1st, 1947.",2,2-6,237,Notice; Promotion; Mery-Turley; Clerk-Stenographer; Secretary,,,,,application/pdf,,,,promotion_memo,image,/objects/promotion_memo.pdf,/objects/small/promotion_memo_sm.jpg,/objects/thumbs/promotion_memo_th.jpg,,
dubois235,resignation_memo.pdf,Memo on Zeck's Resignation from CCCWC,Holocaust Education and Resource Center,1947-4-30,No,This memo is on the resgination of William A. Zeck from CCCWC.,2,2-6,237,Memo; Resignation; Zeck; CCCWC,,,,,application/pdf,,,,resignation_memo,image,/objects/resignation_memo.pdf,/objects/small/resignation_memo_sm.jpg,/objects/thumbs/resignation_memo_th.jpg,,
dubois236,farben_team_report.pdf,Report Listing Farben Trial Team Members and Positions,Holocaust Education and Resource Center,1947-6-3,No,List of everyone working on the Farben Trial and the position they hold.,2,2-6,237,List; Farben Trial Team; Workers; Positions,,,,,application/pdf,,,,farben_team_report,image,/objects/farben_team_report.pdf,/objects/small/farben_team_report_sm.jpg,/objects/thumbs/farben_team_report_th.jpg,,
dubois237,war_crimes_screening.pdf,Memo on Hiring Individuals for War Crimes Screening,Holocaust Education and Resource Center,1947-6-7,No,Memo for 5 individuals to be hired by the United States for War Crimes Screening.,2,2-6,237,Memo; War Crimes Screening; Hiring; United States,,,,,application/pdf,,,,war_crimes_screening,image,/objects/war_crimes_screening.pdf,/objects/small/war_crimes_screening_sm.jpg,/objects/thumbs/war_crimes_screening_th.jpg,,
dubois238,positions_report.pdf,Positions Report for the I.G. Farben Trial Team,Holocaust Education and Resource Center,1947-7-31,No,List of workers for the IG Farben trial team and their positions. These documents are folded together.,2,2-6,237,List; IG Farben Trial Team; Workers; Positions; ,,,,,application/pdf,,,,positions_report,image,/objects/positions_report.pdf,/objects/small/positions_report_sm.jpg,/objects/thumbs/positions_report_th.jpg,,
dubois240,memorandumforgeneralclay.pdf,"Memorandum to General Clay, no signatures",Holocaust Education and Resource Center,1945-7-28,No,"This memorandum to General Clay is missing the misgnatures of Edwin W. Pauley, William L. Clayton and John J. McCloy. First page of 4.",1_2_2,1-11,86,Memorandum; Clay; Missing Signatures; Pauley; Clayton; McCloy; Page 1 of 4,,,,,application/pdf,,,,memorandumforgeneralclay,image,/objects/memorandumforgeneralclay.pdf,/objects/small/memorandumforgeneralclay_sm.jpg,/objects/thumbs/memorandumforgeneralclay_th.jpg,,
dubois241,memorandumforgenralclaypt2.pdf,"Memorandum for General Clay, no signature",Holocaust Education and Resource Center,1945-7-28,No,This is a memorandum for General Clay and there is a blank signature from the President of the United States,1_2_2,1-11,86,Memorandum; Clay; President; Blank Signature,,,,,application/pdf,,,,memorandumforgenralclaypt2,image,/objects/memorandumforgenralclaypt2.pdf,/objects/small/memorandumforgenralclaypt2_sm.jpg,/objects/thumbs/memorandumforgenralclaypt2_th.jpg,,
dubois242,text_of_proposed_declaration_by_the_big_three.pdf,Text of the Proposed Declaration by the Big Three ,Holocaust Education and Resource Center,,,"This is the text of the Proposed Declaration by the Big Three which would be the United States, United Kingdom and the Soviet Union. There is no date or signature on this document. ",1_2_2,1-11,86,Text; Proposed Declaration; United States; United Kingdom; Soviet Union,,,,,application/pdf,,,,text_of_proposed_declaration_by_the_big_three,image,/objects/text_of_proposed_declaration_by_the_big_three.pdf,/objects/small/text_of_proposed_declaration_by_the_big_three_sm.jpg,/objects/thumbs/text_of_proposed_declaration_by_the_big_three_th.jpg,,
dubois243,memorandum_on_german_foreign_assets_one.pdf,Memorandum On German Foreign Assets,Holocaust Education and Resource Center,,,This memorandum talks about German Foreign assets. It specifically discusses into which categories the assets fall under. There is no date or signature on this document and this is page 1 of 2. ,1_2_2,1-11,86,Memorandum; German Foreign Assets; Categories; Page 1 of 2,,,,,application/pdf,,,,memorandum_on_german_foreign_assets_one,image,/objects/memorandum_on_german_foreign_assets_one.pdf,/objects/small/memorandum_on_german_foreign_assets_one_sm.jpg,/objects/thumbs/memorandum_on_german_foreign_assets_one_th.jpg,,
dubois244,memorandum_on_german_foreign_assets_two.pdf,Memorandum On German Foreign Assets,Holocaust Education and Resource Center,,,This document is the second page to the previous one. There is no signature or date on this one as well. ,1_2_2,1-11,86,German Foreign Assets; Page 2; No Signature; No Date,,,,,application/pdf,,,,memorandum_on_german_foreign_assets_two,image,/objects/memorandum_on_german_foreign_assets_two.pdf,/objects/small/memorandum_on_german_foreign_assets_two_sm.jpg,/objects/thumbs/memorandum_on_german_foreign_assets_two_th.jpg,,
dubois245,text_of_proposed_declaration_by_the_big_three.two.pdf,German External Assets,Holocaust Education and Resource Center,,,"This document is the continuation of ""Text of the Proposed Declaration by the Big Three."" There is no date or signature on this document either. ",1_2_2,1-11,86,Text; Proposed Declaration; Big Three; Continuation,,,,,application/pdf,,,,text_of_proposed_declaration_by_the_big_three.two,image,/objects/text_of_proposed_declaration_by_the_big_three.two.pdf,/objects/small/text_of_proposed_declaration_by_the_big_three_two_sm.jpg,/objects/thumbs/text_of_proposed_declaration_by_the_big_three_two_th.jpg,,
dubois246,vesting_marshalling_of_german_external_property.pdf,Vesting and Marshalling of German External Property Preamble,Holocaust Education and Resource Center,,,This document talks about how essential it is to assume control over all German assets and there are aticles discussing different factors. This is page 1 of 4 and there is no date.,1_2_2,1-11,86,German External Property; Assets; Control; Articles; Page 1 of 4,,,,,application/pdf,,,,vesting_marshalling_of_german_external_property,image,/objects/vesting_marshalling_of_german_external_property.pdf,/objects/small/vesting_marshalling_of_german_external_property_sm.jpg,/objects/thumbs/vesting_marshalling_of_german_external_property_th.jpg,,
dubois247,u.s_proposal_on_reparations_and_related_matters.pdf,U.S Proposal on Reparations and Related Matters,Holocaust Education and Resource Center,,,"This proposal is an agreement between the United Kingdom, the United States and the Union of Soviet Socialist Republics as to what Germany should pay the Allied countries. No date or signature. Page 1 of 4.",1_2_2,1-11,86,Proposal; Reparations; United Kingdom; United States; Soviet Union; Germany; Page 1 of 4,,,,,application/pdf,,,,u.s_proposal_on_reparations_and_related_matters,image,/objects/u.s_proposal_on_reparations_and_related_matters.pdf,/objects/small/us_proposal_on_reparations_and_related_matters_sm.jpg,/objects/thumbs/us_proposal_on_reparations_and_related_matters_th.jpg,,
dubois248,futureforgermany.pdf,A Future For Germany,Holocaust Education and Resource Center,,,This document discusses what Germany's future should look like. It is page 1 of 16 and there is no date on it. ,1_2_2,1-11,86,Document; Germany; Future; Page 1 of 16,,,,,application/pdf,,,,futureforgermany,image,/objects/futureforgermany.pdf,/objects/small/futureforgermany_sm.jpg,/objects/thumbs/futureforgermany_th.jpg,,
dubois249,road_to_peace.pdf,The Road to Peace ,Holocaust Education and Resource Center,,,This document is continuing to talk about Germany's future and what things need to get done. This is page 1 of 22 and there are no dates nor signatures on this document ,1_2_2,1-11,86,Document; Germany; Future; Road to Peace; Page 1 of 22,,,,,application/pdf,,,,road_to_peace,image,/objects/road_to_peace.pdf,/objects/small/road_to_peace_sm.jpg,/objects/thumbs/road_to_peace_th.jpg,,
dubois250,secretcontrol.pdf,Secret Control ,Holocaust Education and Resource Center,,,Document talks about how much Germany should be paying in reparations. There is no date on this document and no signatures either. ,1_2_2,1-11,86,Document; Reparations; Germany; Payments,,,,,application/pdf,,,,secretcontrol,image,/objects/secretcontrol.pdf,/objects/small/secretcontrol_sm.jpg,/objects/thumbs/secretcontrol_th.jpg,,
dubois251,written_secret_control.pdf,Secret Control ,Holocaust Education and Resource Center,,,This document appears to be a written replica of the previous document that talks about how the reparations will be split. There are no dates nor signatures on this document. ,1_2_2,1-11,86,Document; Reparations; Written Replica,,,,,application/pdf,,,,written_secret_control,image,/objects/written_secret_control.pdf,/objects/small/written_secret_control_sm.jpg,/objects/thumbs/written_secret_control_th.jpg,,
dubois252,us_proposal_on_reparations_and_relatedmatters.pdf,U.S Proposal on Reparations and Related Matters,Holocaust Education and Resource Center,,,"This is page 1 of 4. This documents is essentially an agreement between the United States, United Kingdom and the Union of Soviet Socialist Republics staiting what they think Germnay should pay in reparations. No dates nor sognatures on this document. ",1_2_2,1/11/2026,,Proposal; Reparations; United States; United Kingdom; Soviet Union; Germany; Page 1 of 4,,,,,application/pdf,,,,us_proposal_on_reparations_and_relatedmatters,image,/objects/us_proposal_on_reparations_and_relatedmatters.pdf,/objects/small/us_proposal_on_reparations_and_relatedmatters_sm.jpg,/objects/thumbs/us_proposal_on_reparations_and_relatedmatters_th.jpg,,
dubois253,politicalprinciples.pdf,The Political and Economic Principles to Govern the Treatment of Germany in the Initial Control Period ,Holocaust Education and Resource Center,,,This document explains how Germany would be governed after its defeat. There are no dates nor signatures on this document.  ,1_2_2,1-11,,Political Principles; Economic Principles; Germany; Initial Control Period,,,,,application/pdf,,,,politicalprinciples,image,/objects/politicalprinciples.pdf,/objects/small/politicalprinciples_sm.jpg,/objects/thumbs/politicalprinciples_th.jpg,,
dubois254,restricted.pdf,Agreed Report of the Tripartite Conference of Berlin,Holocaust Education and Resource Center,1945-8-3,no,This document is a letter sent to the Directors of Division and Staff Offices and Chief by W.D Van Buskirk. There is a date on this document as well as W.D Van Buskirk's signature. This is page 1 of 19 ,1_2_2,,,Letter; Buskirk; Directors; Staff Offices; Chiefs; Signature; Page 1 of 19,,,,,application/pdf,,,,restricted,image,/objects/restricted.pdf,/objects/small/restricted_sm.jpg,/objects/thumbs/restricted_th.jpg,,
dubois255,table_of_contents.pdf,Table of Contents ,Holocaust Education and Resource Center,,,This is the table of contents that describes a post World War II proposal. Also known as the Morgenthau Plan. No dates on this table of contents. ,,,87,Table of Contents; Postwar Proposal; World War II; Morgenthau Plan,,,,,application/pdf,,,,table_of_contents,image,/objects/table_of_contents.pdf,/objects/small/table_of_contents_sm.jpg,/objects/thumbs/table_of_contents_th.jpg,,
dubois256,program_to_prevent_ germany_from_ war.pdf,Program to Prevent Germany from starting a World War II,Holocaust Education and Resource Center,,,This document discusses how to prevent Germany from ever starting another war. There are no dates nor signatures on this one. It is also the first page of 4.,,,87,Germany; World War II; Prevention; Program; Page 1 of 4,,,,,application/pdf,,,,program_to_prevent_ germany_from_ war,image,/objects/program_to_prevent_ germany_from_ war.pdf,/objects/small/program_to_prevent_germany_from_war_sm.jpg,/objects/thumbs/program_to_prevent_germany_from_war_th.jpg,,
dubois257,reparationsmeanpowerfulgermany.pdf,Reparations Mean a Powerful Germnay,Holocaust Education and Resource Center,,,This document is the part of the Morgenthau Plan that discusses what will happen to Germany if they pay reparations.This is the first page of 2. No dates or signatures. ,,,87,Reparations; Germany; Morgenthau Plan,,,,,application/pdf,,,,reparationsmeanpowerfulgermany,image,/objects/reparationsmeanpowerfulgermany.pdf,/objects/small/reparationsmeanpowerfulgermany_sm.jpg,/objects/thumbs/reparationsmeanpowerfulgermany_th.jpg,,
dubois258,economic_restitution_by_grmy.pdf,Economic Restitution by Germany to United Nations ,Holocaust Education and Resource Center,,,"Economic part of the Morgenthau Plan, specifically how Germany would repay other countries. No dates or signatures. 1st page of 2. ",,,87,Economic Restitution; Germany; United Nations; Morgenthau Plan,,,,,application/pdf,,,,economic_restitution_by_grmy,image,/objects/economic_restitution_by_grmy.pdf,/objects/small/economic_restitution_by_grmy_sm.jpg,/objects/thumbs/economic_restitution_by_grmy_th.jpg,,
dubois259,europe_strong_industrial germany.pdf,Europe needs a strong industrial Germany ,Holocaust Education and Resource Center,,,This document is stating why saying that Germany was an indispensable source was not a valid thing to say. No dates Page 1 of 3. ,,1-11,87,Germany; Indispensable Source; Invalid Argument,,,,,application/pdf,,,,europe_strong_industrial germany,image,/objects/europe_strong_industrial germany.pdf,/objects/small/europe_strong_industrial_germany_sm.jpg,/objects/thumbs/europe_strong_industrial_germany_th.jpg,,
dubois260,why_resources.pdf,Resources of the Ruhr Should be Looked ,Holocaust Education and Resource Center,,,This document is talking about why the resources of the Ruhr should be loocked up and the equipments removed. There are no dates on this document ,1_2_2,1-11,87,Document; Ruhr; Resources; Equipment Removal,,,,,application/pdf,,,,why_resources,image,/objects/why_resources.pdf,/objects/small/why_resources_sm.jpg,/objects/thumbs/why_resources_th.jpg,,
dubois265,travel_memo.pdf,Travel Memo,Holocaust Education and Resource Center,1947-5-21,No,Memo to the Division Directors and Trial Team Chiefs about travel in Berlin.,2,2-6,237,Memo; Travel; Berlin; Division Directors; Trial Team Chiefs,,,,,application/pdf,,,,travel_memo,image,/objects/travel_memo.pdf,/objects/small/travel_memo_sm.jpg,/objects/thumbs/travel_memo_th.jpg,,
dubois266,personnel_report_may_first.pdf,Personnel Report,Holocaust Education and Resource Center,1947-5-1,No,A personnel report of the IG Farben Trial Team. It is a packet stapled together.,2,2-6,237,Personnel Report; IG Farben Trial Team,,,,,application/pdf,,,,personnel_report_may_first,image,/objects/personnel_report_may_first.pdf,/objects/small/personnel_report_may_first_sm.jpg,/objects/thumbs/personnel_report_may_first_th.jpg,,
dubois267,dissolution_economics.pdf,Dissolution of the Economics Divison,Holocaust Education and Resource Center,1947-5-6,No,"A memo about the dissolution of the Economics Division, the personnel in this memo have all been reassigned to other trial teams.",2,2-6,237,Memo; Economics Division; Dissolution; Reassignments,,,,,application/pdf,,,,dissolution_economics,image,/objects/dissolution_economics.pdf,/objects/small/dissolution_economics_sm.jpg,/objects/thumbs/dissolution_economics_th.jpg,,
dubois268,transfer_personnel_memo.pdf,Transfer of Personnel Memo,Holocaust Education and Resource Center,1947-4-28,No,A brief memo on Julius Rudolph being transferred from the Economics Division to the SS Division.,2,2-6,237,Memo; Rudolph; Transfer; Economics Division; SS Division,,,,,application/pdf,,,,transfer_personnel_memo,image,/objects/transfer_personnel_memo.pdf,/objects/small/transfer_personnel_memo_sm.jpg,/objects/thumbs/transfer_personnel_memo_th.jpg,,
dubois269,reassignment_interrogators.pdf,Re-Assignment of Interrogators,Holocaust Education and Resource Center,1947-5-7,No,Memo on interrogratorr reassignments. This memo is stapled together.,2,2-6,237,Memo; Interrogator Reassignments,,,,,application/pdf,,,,reassignment_interrogators,image,/objects/reassignment_interrogators.pdf,/objects/small/reassignment_interrogators_sm.jpg,/objects/thumbs/reassignment_interrogators_th.jpg,,
dubois270,assignments_transfers_memo.pdf,Assignments and Transfers Memo,Holocaust Education and Resource Center,1947-5-13,No,"A brief memo on the assignments and transfers of, James Heath, Water Rockler, and Rosemary McIntyre.",2,2-6,237,Memo; Assignments; Transfers; Heath; Rockler; McIntyre,,,,,application/pdf,,,,assignments_transfers_memo,image,/objects/assignments_transfers_memo.pdf,/objects/small/assignments_transfers_memo_sm.jpg,/objects/thumbs/assignments_transfers_memo_th.jpg,,
dubois271,assingments_transfers_continued.pdf,Assignments and Transfers Memo Continued,Holocaust Education and Resource Center,1947-5-13,No,Brief memo on the transfer of Paul Gantt.,2,2-6,237,Memo; Transfer; Gantt,,,,,application/pdf,,,,assingments_transfers_continued,image,/objects/assingments_transfers_continued.pdf,/objects/small/assingments_transfers_continued_sm.jpg,/objects/thumbs/assingments_transfers_continued_th.jpg,,
dubois272,interview_berendt_memo.pdf,Interview of Dr Berendt Memo,Holocaust Education and Resource Center,1947-4-14,No,A memo about an interview with Dr Berendt with Dr Fritz ter Meer.,2,2-6,237,Memo; Interview; Berendt; Ter Meer,,,,,application/pdf,,,,interview_berendt_memo,image,/objects/interview_berendt_memo.pdf,/objects/small/interview_berendt_memo_sm.jpg,/objects/thumbs/interview_berendt_memo_th.jpg,,
dubois273,personnel_leaving_economics_cases.pdf,Personnel Leaving the Economies Cases and Personnel Needs,Holocaust Education and Resource Center,1947-3-26,No,"A memo on the transfer of personnel leaving the Economics cases to other trials. With another page on what the Farben case and the Economics Division needs, staff wise. These documents are stapled together.",2,2-6,237,Memo; Personnel; Economics Cases; Farben Case; Staff Needs,,,,,application/pdf,,,,personnel_leaving_economics_cases,image,/objects/personnel_leaving_economics_cases.pdf,/objects/small/personnel_leaving_economics_cases_sm.jpg,/objects/thumbs/personnel_leaving_economics_cases_th.jpg,,
dubois274,transfer_release_personnel.pdf,Transfer or Release of Personnel,Holocaust Education and Resource Center,1947-3-22,No,A memo on the transfer of some personnel to other divisons and the discussion of hiring.,2,2-6,237,Memo; Personnel; Transfer; Release; Hiring,,,,,application/pdf,,,,transfer_release_personnel,image,/objects/transfer_release_personnel.pdf,/objects/small/transfer_release_personnel_sm.jpg,/objects/thumbs/transfer_release_personnel_th.jpg,,
dubois275,job_description_sheets.pdf,Submision of Job Description Sheets,Holocaust Education and Resource Center,1947-3-21,No,Memo on joob decription deadlines.,2,2-6,237,Memo; Job Description Sheets; Deadlines,,,,,application/pdf,,,,job_description_sheets,image,/objects/job_description_sheets.pdf,/objects/small/job_description_sheets_sm.jpg,/objects/thumbs/job_description_sheets_th.jpg,,
dubois276,request_employment_me_weissbrodt.pdf,Request of employment of Mr Weissbrodt,Holocaust Education and Resource Center,,,A letter from Josiah DuBois on the hiring of Mr Weissbrodt and his use to the IG Farben Trial. This letter is stapled together.,2,2-6,237,Letter; DuBois; Weissbrodt; Employment; IG Farben Trial,,,,,application/pdf,,,,request_employment_me_weissbrodt,image,/objects/request_employment_me_weissbrodt.pdf,/objects/small/request_employment_me_weissbrodt_sm.jpg,/objects/thumbs/request_employment_me_weissbrodt_th.jpg,,
dubois277,special_legal_assistant_duties.pdf,Duties of Special Legal Assistant to Deputy Chief of Council,Holocaust Education and Resource Center,,,A letter on the duties and roles of special assistants to the Deputy Chief of Council during the Farben Trial.,2,2-6,237,Letter; Special Legal Assistants; Duties; Deputy Chief of Council; Farben Trial,,,,,application/pdf,,,,special_legal_assistant_duties,image,/objects/special_legal_assistant_duties.pdf,/objects/small/special_legal_assistant_duties_sm.jpg,/objects/thumbs/special_legal_assistant_duties_th.jpg,,
dubois278,secretary_replacement.pdf,Secretary Replacement,Holocaust Education and Resource Center,1947-3-17,No,"A memo about Peggy Trent, the secretary of William Zeck, returning to the United States and a new secretary needs to be assigned.",2,2-6,237,Memo; Secretary Replacement; Trent; Zeck,,,,,application/pdf,,,,secretary_replacement,image,/objects/secretary_replacement.pdf,/objects/small/secretary_replacement_sm.jpg,/objects/thumbs/secretary_replacement_th.jpg,,
dubois279,march_seventeenth_telegrams.pdf,Telegrams on March 17th,Holocaust Education and Resource Center,1947-3-17,No,Some telegrams from Josiah DuBois and 'Belle'. Each telegram is on something different.,2,2-6,237,Telegrams; DuBois; Belle,,,,,application/pdf,,,,march_seventeenth_telegrams,image,/objects/march_seventeenth_telegrams.pdf,/objects/small/march_seventeenth_telegrams_sm.jpg,/objects/thumbs/march_seventeenth_telegrams_th.jpg,,
dubois280,work_requirements_per_week.pdf,Requirements for Personnel to Work 44 Hours a Week or Longer,Holocaust Education and Resource Center,1947-3-8,No,A memo on the requirements for personnel to work 44 hours a week for the trials.,2,2-6,237,Memo; Personnel Requirements; 44 Hours; Trials,,,,,application/pdf,,,,work_requirements_per_week,image,/objects/work_requirements_per_week.pdf,/objects/small/work_requirements_per_week_sm.jpg,/objects/thumbs/work_requirements_per_week_th.jpg,,
dubois281,staff_assignments_special_investigations_branch.pdf,Assignments for Staff of the Special Investigations Breanch,Holocaust Education and Resource Center,1947-3-6,No,A packet on the assignments for staff and for what case. This memo is stapled together.,2,2-6,237,Packet; Staff Assignments; Special Investigations Branch,,,,,application/pdf,,,,staff_assignments_special_investigations_branch,image,/objects/staff_assignments_special_investigations_branch.pdf,/objects/small/staff_assignments_special_investigations_branch_sm.jpg,/objects/thumbs/staff_assignments_special_investigations_branch_th.jpg,,
dubois282,josaphine_klein_federal_employment.pdf,Josaphine Klein application for Federal Employment,Holocaust Education and Resource Center,,,These documents are stapled together. The front page is a letter from Josaphine Klein to Josiah DuBois on employment in Germany. Stapled are forms for Federal Employment.,2,2-6,237,Letter; Klein; DuBois; Germany; Federal Employment,,,,,application/pdf,,,,josaphine_klein_federal_employment,image,/objects/josaphine_klein_federal_employment.pdf,/objects/small/josaphine_klein_federal_employment_sm.jpg,/objects/thumbs/josaphine_klein_federal_employment_th.jpg,,
dubois283,office_chief_counsel_letter.pdf,Letter from the Office of Chief of Counsel,Holocaust Education and Resource Center,1947-2-17,No,"A letter talking on the perperations for the trials, how many people will need to be on staff, and for what positions.",2,2-6,237,Letter; Office of Chief of Counsel; Trial Preparation; Staff Positions,,,,,application/pdf,,,,office_chief_counsel_letter,image,/objects/office_chief_counsel_letter.pdf,/objects/small/office_chief_counsel_letter_sm.jpg,/objects/thumbs/office_chief_counsel_letter_th.jpg,,
dubois284,david_karr_letter.pdf,Letter to David Karr,Holocaust Education and Resource Center,1947-2-13,No,A letter from Josiah DuBois on hiring Walter Rapp.,2,2-6,237,Letter; Dubois; Karr; Rapp; Hiring,,,,,application/pdf,,,,david_karr_letter,image,/objects/david_karr_letter.pdf,/objects/small/david_karr_letter_sm.jpg,/objects/thumbs/david_karr_letter_th.jpg,,
dubois285,job_description_request.pdf,Job Description request,Holocaust Education and Resource Center,,,A letter asking for an economic analyst to server as an assistant to the Deputy Chief of Counsel. Stapled is a Position Description form from the War Department.,2,2-6,237,Letter; Job Description Request; Economic Analyst; Deputy Chief of Counsel,,,,,application/pdf,,,,job_description_request,image,/objects/job_description_request.pdf,/objects/small/job_description_request_sm.jpg,/objects/thumbs/job_description_request_th.jpg,,
dubois286,letters_judge_recommendations.pdf,Letters on Judge Recommendations,Holocaust Education and Resource Center,1947-1-28,No,"Three letters on judge recomendations for the trails. The first letter is from DuBois to Colonel David Marcus on the recommendation of Ralph Wescott. The second letter is from DuBois to Lous B. LeDuc about the trials and again recommending Ralph Wescott. The final letter is from Louis B. LeDuc to DuBois, it is actually the first letter recommending Ralph Wescott.",2,2-6,237,Letters; Judge Recommendations; Wescott; Trials,,,,,application/pdf,,,,letters_judge_recommendations,image,/objects/letters_judge_recommendations.pdf,/objects/small/letters_judge_recommendations_sm.jpg,/objects/thumbs/letters_judge_recommendations_th.jpg,,
dubois287,employment_cables.pdf,Employment Cables,Holocaust Education and Resource Center,Jan 25th,Yes,"Cables sent to Madeleine Carr, Captain Kruskall and Bruno Rodel to work for the trials. There are three papers stapled to the front page about economic analyst and their role working on the trial team.",2,2-6,237,Cables; Employment; Carr; Kruskall; Rodel; Trial Team,,,,,application/pdf,,,,employment_cables,image,/objects/employment_cables.pdf,/objects/small/employment_cables_sm.jpg,/objects/thumbs/employment_cables_th.jpg,,
dubois288,principles_of_conduct.pdf,Principles of Conduct,Holocaust Education and Resource Center,,,"A packet on proper conduct expected of employees during the trials. This is a packet, with the following pages going more in depth on the list on the first page.",2,2-6,237,Packet; Principles of Conduct; Employees; Trials,,,,,application/pdf,,,,principles_of_conduct,image,/objects/principles_of_conduct.pdf,/objects/small/principles_of_conduct_sm.jpg,/objects/thumbs/principles_of_conduct_th.jpg,,
dubois289,federal_conduct_europe.pdf,Prohbited and Permitted Transactions in the European Theater,Holocaust Education and Resource Center,1946-9-26,No,A packet on proper policy and conduct on handling money for workers on the trial team.,2,2-6,237,Packet; Transactions; European Theater; Trial Team,,,,,application/pdf,,,,federal_conduct_europe,image,/objects/federal_conduct_europe.pdf,/objects/small/federal_conduct_europe_sm.jpg,/objects/thumbs/federal_conduct_europe_th.jpg,,
dubois292,riegloman_luxford_conversation.pdf,Riegolman and Luxford Conversation on Refugee Memo,Holocaust Education and Resource Center,1943-12-21,No,A three page memo from Riegloman and Luxford on a memo both of them recieved on the deportation of Jews in Nazi Occupied parts of Europe.,1,1-1,2,Memo; Riegolman; Luxford; Refugee Memo; Deportation,,,,,application/pdf,,,,riegloman_luxford_conversation,image,/objects/riegloman_luxford_conversation.pdf,/objects/small/riegloman_luxford_conversation_sm.jpg,/objects/thumbs/riegloman_luxford_conversation_th.jpg,,
dubois293,riegelman_fox_conversation.pdf,Conversation between Riegelman and Fox,Holocaust Education and Resource Center,1943-12-20,No,A two page conversation between Riegelman and Fox on a cable sent to the Secretary of State.,1,1-1,2,Conversation; Riegelman; Fox; Cable; Secretary of State,,,,,application/pdf,,,,riegelman_fox_conversation,image,/objects/riegelman_fox_conversation.pdf,/objects/small/riegelman_fox_conversation_sm.jpg,/objects/thumbs/riegelman_fox_conversation_th.jpg,,
dubois294,paraphrasing_of_telegrams.pdf,Paraphrasing of Telegrams,Holocaust Education and Resource Center,1943-12-20,No,"A memo to Secretary Morgenthau on the paraphrasing of multiple telegrams, and their copies.",1,1-1,2,Memo; Morgenthau; Telegrams; Copies,,,,,application/pdf,,,,paraphrasing_of_telegrams,image,/objects/paraphrasing_of_telegrams.pdf,/objects/small/paraphrasing_of_telegrams_sm.jpg,/objects/thumbs/paraphrasing_of_telegrams_th.jpg,,
dubois295,paraphrased_telegram_three_fifty_four.pdf,Paraphrased telegram no. 354,Holocaust Education and Resource Center,1943-2-10,No,A paraphased telegram from the Secretary of State. It talks about the accepting of telegrams from private persons and the risk of angering neutral countries.,1,1-1,2,Paraphrased Telegram; Secretary of State; Private Persons; Neutral Countries,,,,,application/pdf,,,,paraphrased_telegram_three_fifty_four,image,/objects/paraphrased_telegram_three_fifty_four.pdf,/objects/small/paraphrased_telegram_three_fifty_four_sm.jpg,/objects/thumbs/paraphrased_telegram_three_fifty_four_th.jpg,,
dubois296,telegram_seven_nine_sixtynine.pdf,Paraphrased telegram no. 7969,Holocaust Education and Resource Center,1943-12-18,No,A paraphrased telegram from the Secretary of State to London. There is another copy in this folder.,1,1-1,2,Paraphrased Telegram; Secretary of State; London,,,,,application/pdf,,,,telegram_seven_nine_sixtynine,image,/objects/telegram_seven_nine_sixtynine.pdf,/objects/small/telegram_seven_nine_sixtynine_sm.jpg,/objects/thumbs/telegram_seven_nine_sixtynine_th.jpg,,
dubois297,telegram_eight_eight_twentysix.pdf,Paraphrased telegram no. 8826,Holocaust Education and Resource Center,1943-12-19,No,A paraphrased telegram from London to the Secretary of State.,1,1-1,2,Paraphrased Telegram; London; Secretary of State,,,,,application/pdf,,,,telegram_eight_eight_twentysix,image,/objects/telegram_eight_eight_twentysix.pdf,/objects/small/telegram_eight_eight_twentysix_sm.jpg,/objects/thumbs/telegram_eight_eight_twentysix_th.jpg,,
dubois298,telegram_three_one_sixtyeight.pdf,Paraphrased telegram no. 3168,Holocaust Education and Resource Center,1943-12-18,No,A paraphrased telegram from the Secretary of State to London. This telegram is on the restrictions and boundaries of money given to Dr Riegner of the World Jewish Congress. This telegram is four pages long. There is another copy in this folder.,1,1-1,2,Paraphrased Telegram; Riegner; World Jewish Congress; Money Restrictions,,,,,application/pdf,,,,telegram_three_one_sixtyeight,image,/objects/telegram_three_one_sixtyeight.pdf,/objects/small/telegram_three_one_sixtyeight_sm.jpg,/objects/thumbs/telegram_three_one_sixtyeight_th.jpg,,
dubois299,memo_to_hull.pdf,Memo for Secretary Hull,Holocaust Education and Resource Center,1943-12-20,No,A two page memo for Secretary Hull on the British response and why it is significant. This memo is two pages and has a copy with handwritten notes and edits.,1,1-1,2,Memo; Hull; British Response; Notes; Edits,,,,,application/pdf,,,,memo_to_hull,image,/objects/memo_to_hull.pdf,/objects/small/memo_to_hull_sm.jpg,/objects/thumbs/memo_to_hull_th.jpg,,
dubois300,newspaper_justice_dept_trouble.pdf,Justice Dept. Immigration Figures Knock Long's Story Into Cocked Hat,Holocaust Education and Resource Center,1943-12-20,No,A news article  by The Nation on the reveal of immigration numbers for the past few years.,1,1-1,2,Newspaper Article; Immigration Figures; Nation,,,,,application/pdf,,,,newspaper_justice_dept_trouble,image,/objects/newspaper_justice_dept_trouble.pdf,/objects/small/newspaper_justice_dept_trouble_sm.jpg,/objects/thumbs/newspaper_justice_dept_trouble_th.jpg,,
dubois301,telegram_three_eight_twentyeight.pdf,Paraphrased telegram no. 3826,Holocaust Education and Resource Center,1943-12-19,No,A paraphrased telegram to the Secretary of State on telegram 7969.,1,1-1,2,Paraphrased Telegram; Secretary of State; Telegram 7969,,,,,application/pdf,,,,telegram_three_eight_twentyeight,image,/objects/telegram_three_eight_twentyeight.pdf,/objects/small/telegram_three_eight_twentyeight_sm.jpg,/objects/thumbs/telegram_three_eight_twentyeight_th.jpg,,
dubois302,confidential_telegram_secretary_state.pdf,Confidential telegram to the Secretary of State,Holocaust Education and Resource Center,1943-12-15,No,"A three page telegram to the Secretary of State on the topic of sending the equivalent of $25,000 US Dollars to the World Jewish Organization to get Jewish refugee's out of France and Romania.",1,1-1,2,Confidential Telegram; Secretary of State; World Jewish Organization; Jewish Refugees,,,,,application/pdf,,,,confidential_telegram_secretary_state,image,/objects/confidential_telegram_secretary_state.pdf,/objects/small/confidential_telegram_secretary_state_sm.jpg,/objects/thumbs/confidential_telegram_secretary_state_th.jpg,,
dubois303,morgenthau_to_secretary_state.pdf,Letter from Herny Morgenthau to the Secretary of State,Holocaust Education and Resource Center,1943-12-17,No,"A three page letter from Secretary Morgenthau to the Secretary of State. The letter had handwritten notes. There is also multiple copies of this letter, all with handwritten notes.",1,1-1,2,Letter; Morgenthau; Secretary of State; Notes; Copies,,,,,application/pdf,,,,morgenthau_to_secretary_state,image,/objects/morgenthau_to_secretary_state.pdf,/objects/small/morgenthau_to_secretary_state_sm.jpg,/objects/thumbs/morgenthau_to_secretary_state_th.jpg,,
dubois304,morgenthau_to_paul.pdf,Secretary Morgenthau's letter to Mr Paul,Holocaust Education and Resource Center,,,"A multi-paged letter to Secretary Morgenthau to Mr Paul regarding the program of the World Jewish Congress. This letter is a draft, with handwritten notes and pieces of loose leaf paper with handwritten notes. This draft has nine pages.",1,1-1,2,Letter; Morgenthau; Paul; World Jewish Congress; Draft; Notes,,,,,application/pdf,,,,morgenthau_to_paul,image,/objects/morgenthau_to_paul.pdf,/objects/small/morgenthau_to_paul_sm.jpg,/objects/thumbs/morgenthau_to_paul_th.jpg,,
dubois305,dubois_from_morgenthau.pdf,Memo to DuBois from the Morgenthau,Holocaust Education and Resource Center,1943-12-14,No,A short memo from the Secretary of the Treasury to Josiah DuBois.,1,1-1,2,Memo; DuBois; Morenthau,,,,,application/pdf,,,,dubois_from_morgenthau,image,/objects/dubois_from_morgenthau.pdf,/objects/small/dubois_from_morgenthau_sm.jpg,/objects/thumbs/dubois_from_morgenthau_th.jpg,,
dubois306,memo_for_the_files.pdf,Memorandum for the Files,Holocaust Education and Resource Center,1943-12-9,No,"A five page memo from DuBois on his luncheon with Bernard Meltzer about the evacuation of Jews from France and Romania, and Treasury and State departments actions over the previous few months.",1,1-1,2,Memorandum; Files; DuBois; Meltzer; Evacuation; France; Romania,,,,,application/pdf,,,,memo_for_the_files,image,/objects/memo_for_the_files.pdf,/objects/small/memo_for_the_files_sm.jpg,/objects/thumbs/memo_for_the_files_th.jpg,,
dubois307,allies_silence_on_jews.pdf,Allies' Silence on Jews Abroad Hit by Mead,Holocaust Education and Resource Center,Dec 13,Yes,A short article from an unknown newspaper on the suffering of Jewish people in Europe.,1,1-1,2,Newspaper Article; Europe,,,,,application/pdf,,,,allies_silence_on_jews,image,/objects/allies_silence_on_jews.pdf,/objects/small/allies_silence_on_jews_sm.jpg,/objects/thumbs/allies_silence_on_jews_th.jpg,,
dubois308,letter_attachment_memo_paul.pdf,Letter Attachment Memo,Holocaust Education and Resource Center,1943-12-14,No,A short memo from Secretary Morgenthau to Mr Paul about a forwarded letter.,1,1-1,2,Memo; Morgenthau; Paul; Forwarded Letter,,,,,application/pdf,,,,letter_attachment_memo_paul,image,/objects/letter_attachment_memo_paul.pdf,/objects/small/letter_attachment_memo_paul_sm.jpg,/objects/thumbs/letter_attachment_memo_paul_th.jpg,,
dubois309,british_embassy_to_pehle.pdf,Letter from the British Embassy to Mr Pehle,Holocaust Education and Resource Center,1943-12-13,No,A letter from G.F. Thorold of the British Embassy to Mr Pehle about the proposal to evacuate Jews from France and Romania. There is a copy of this letter,1,1-1,2,Letter; British Embassy; Pehle; Evacuation; France; Romania,,,,,application/pdf,,,,british_embassy_to_pehle,image,/objects/british_embassy_to_pehle.pdf,/objects/small/british_embassy_to_pehle_sm.jpg,/objects/thumbs/british_embassy_to_pehle_th.jpg,,
dubois310,chronological_facts_to_program_france.pdf,Chronological Facts Relating to Financial Programs for Evacuation of Jews from France and Romania,Holocaust Education and Resource Center,,,This twelve page memo is a chronological order of events of 1943 between governmental bodies and private persons regarding the program for evacuating Jews from Frane and Romania. There is also a draft of this memo in the folder.,1,1-1,2,Memo; Chronological Facts; Evacuation; France; Romania; Draft,,,,,application/pdf,,,,chronological_facts_to_program_france,image,/objects/chronological_facts_to_program_france.pdf,/objects/small/chronological_facts_to_program_france_sm.jpg,/objects/thumbs/chronological_facts_to_program_france_th.jpg,,
dubois311,misc_draft_pages.pdf,Misc Draft Pages,Holocaust Education and Resource Center,,,Two Miscellaenous draft pages on the program for evacuating Jews from Nazi Occupied Europe,1,1-1,2,Draft Pages; Evacuation; Nazi Occupied Europe,,,,,application/pdf,,,,misc_draft_pages,image,/objects/misc_draft_pages.pdf,/objects/small/misc_draft_pages_sm.jpg,/objects/thumbs/misc_draft_pages_th.jpg,,
dubois312,hodel_to_palin_memo.pdf,Florence Hodel memo on Mr Palin,Holocaust Education and Resource Center,1943-12-10,No,Memo from Florence Hodel on Mr Palin of the British Embassy in regards to the program to evacuate Jews from France and Romania.,1,1-1,2,Memo; Hodel; Palin; British Embassy; Evacuation,,,,,application/pdf,,,,hodel_to_palin_memo,image,/objects/hodel_to_palin_memo.pdf,/objects/small/hodel_to_palin_memo_sm.jpg,/objects/thumbs/hodel_to_palin_memo_th.jpg,,
dubois313,follow_up_hodel_memo.pdf,Follow Up Memo,Holocaust Education and Resource Center,1943-12-7,No,Memo from Florence Hodel on waiting for a follow up from the British Embassy.,1,1-1,2,Memo; Hodel; British Embassy; Follow Up,,,,,application/pdf,,,,follow_up_hodel_memo,image,/objects/follow_up_hodel_memo.pdf,/objects/small/follow_up_hodel_memo_sm.jpg,/objects/thumbs/follow_up_hodel_memo_th.jpg,,
dubois314,inter_department_communication.pdf,Department Communication,Holocaust Education and Resource Center,Dec 8,Yes,Short memo on department communications and who has what authority,1,1-1,2,Memo; Department Communication; Authority,,,,,application/pdf,,,,inter_department_communication,image,/objects/inter_department_communication.pdf,/objects/small/inter_department_communication_sm.jpg,/objects/thumbs/inter_department_communication_th.jpg,,
dubois315,program_france_evacuation_discussion.pdf,Discussion of the program to Evacuate Jews from France,Holocaust Education and Resource Center,1943-12-6,No,A four page letter to Secretary Morgenthau on the program to evacuate Jews,1,1-1,2,Letter; Morgenthau; Evacuation; France,,,,,application/pdf,,,,program_france_evacuation_discussion,image,/objects/program_france_evacuation_discussion.pdf,/objects/small/program_france_evacuation_discussion_sm.jpg,/objects/thumbs/program_france_evacuation_discussion_th.jpg,,
dubois316,memo_telegram_seven_five_zero_six.pdf,Memo on 7506 telegram,Holocaust Education and Resource Center,1943-12-1,No,Memo to the Secretary of State to inform Morgenthau to reply to telegram 7506,1,1-1,2,Memo; Secretary of State; Morgenthau; Telegram 7506,,,,,application/pdf,,,,memo_telegram_seven_five_zero_six,image,/objects/memo_telegram_seven_five_zero_six.pdf,/objects/small/memo_telegram_seven_five_zero_six_sm.jpg,/objects/thumbs/memo_telegram_seven_five_zero_six_th.jpg,,
dubois317,urgent_action_request.pdf,Urgent action request ,Holocaust Education and Resource Center,1943-11-27,No,"A letter for Ambassador Winant to take action on Riegner's, and the World Jewish Congress, progam on evacuating Jews from Nazi Occupied Europe. This letter is two page.",1,1-1,2,Letter; Winant; Riegner; World Jewish Congress; Evacuation,,,,,application/pdf,,,,urgent_action_request,image,/objects/urgent_action_request.pdf,/objects/small/urgent_action_request_sm.jpg,/objects/thumbs/urgent_action_request_th.jpg,,
dubois318,hodel_program_france_letter.pdf,Florence Hodel Letter on the program to evacuate Jews from France,Holocaust Education and Resource Center,1943-11-24,No,Letter from Florence Hodel on the program to evacuate Jews from France.,1,1-1,2,Letter; Hodel; Evacuation; France,,,,,application/pdf,,,,hodel_program_france_letter,image,/objects/hodel_program_france_letter.pdf,/objects/small/hodel_program_france_letter_sm.jpg,/objects/thumbs/hodel_program_france_letter_th.jpg,,
dubois319,packet_cables_oct_eighteenth_swentyeight.pdf,Cables from October 18th to October 28th,Holocaust Education and Resource Center,1943-10-18,No,A series of cables from October 18th to the 28th on the Treasury Department answering cables from the State Department.,1,1-1,2,Cables; Treasury Department; State Department; October,,,,,application/pdf,,,,packet_cables_oct_eighteenth_swentyeight,image,/objects/packet_cables_oct_eighteenth_swentyeight.pdf,/objects/small/packet_cables_oct_eighteenth_swentyeight_sm.jpg,/objects/thumbs/packet_cables_oct_eighteenth_swentyeight_th.jpg,,
dubois320,hull_draft_memo_ambassador.pdf,Memo on attached draft,Holocaust Education and Resource Center,1943-11-24,No,Memo from Secretary Morgenthau to Secretary Hull on an attached memo for details on the progam for the British Embassy,1,1-1,2,Memo; Morgenthau; Hull; Attached Draft; British Embassy,,,,,application/pdf,,,,hull_draft_memo_ambassador,image,/objects/hull_draft_memo_ambassador.pdf,/objects/small/hull_draft_memo_ambassador_sm.jpg,/objects/thumbs/hull_draft_memo_ambassador_th.jpg,,
dubois321,cable_ambassador_winant_morgenthau.pdf,Cable to Ambassador Winant from Secretary Morgenthau,Holocaust Education and Resource Center,,,Draft of a cable to Ambassador Winant from Secretary Morgenthau. The letter has more details on the program suggested by the World Jewish Congress.,1,1-1,2,Cable; Winant; Morgenthau; World Jewish Congress,,,,,application/pdf,,,,cable_ambassador_winant_morgenthau,image,/objects/cable_ambassador_winant_morgenthau.pdf,/objects/small/cable_ambassador_winant_morgenthau_sm.jpg,/objects/thumbs/cable_ambassador_winant_morgenthau_th.jpg,,
dubois322,letter_treasury_licenses.pdf,Letter about Treasury Licenses,Holocaust Education and Resource Center,1943-11-24,No,A letter on the possible liscense for the World Jewish Congress's program for evacuating Jews. This letter is three pages and there is an edited copy.,1,1-1,2,Letter; Treasury Licenses; World Jewish Congress; Evacuation; Edits,,,,,application/pdf,,,,letter_treasury_licenses,image,/objects/letter_treasury_licenses.pdf,/objects/small/letter_treasury_licenses_sm.jpg,/objects/thumbs/letter_treasury_licenses_th.jpg,,
dubois324,fdr_memo_morgenthau.pdf,Memo for the President from Morgenthau,Holocaust Education and Resource Center,1945-5-23,No,Memo from Secretary Morgenthau to the President on the establishment of a committee on refugees. This memo is two pages.,1,1-1,1,Memo; Morgenthau; President; Refugee Committee,,,,,application/pdf,,,,fdr_memo_morgenthau,image,/objects/fdr_memo_morgenthau.pdf,/objects/small/fdr_memo_morgenthau_sm.jpg,/objects/thumbs/fdr_memo_morgenthau_th.jpg,,
dubois326,generalpeopleofeurope.pdf,"Memo for the Preisdent ""General People of Europe""",Holocaust Education and Resource Center,,,Thirteen handwritten paged memo to the President from Edwin W Pauley. This is a draft as there are handwritten edits.,1,1-1,1,President; Pauley; Handwritten; Memo,,,,,application/pdf,,,,generalpeopleofeurope,image,/objects/generalpeopleofeurope.pdf,/objects/small/generalpeopleofeurope_sm.jpg,/objects/thumbs/generalpeopleofeurope_th.jpg,,
dubois327,proposedmessagetocongress.pdf,Proposed Message by the President to the Congress,Holocaust Education and Resource Center,,,Three paged draft of a message from the President to Congress about the War Refugee Board.,1,1-1,1,President; Congres; Proposed Message; War Refugee Board,,,,,application/pdf,,,,proposedmessagetocongress,image,/objects/proposedmessagetocongress.pdf,/objects/small/proposedmessagetocongress_sm.jpg,/objects/thumbs/proposedmessagetocongress_th.jpg,,
dubois328,foryourinformation.pdf,For Your Information,Holocaust Education and Resource Center,1945-3-20,No,There are three pages to this document. A memo from Florence Hodel sending the document 'For Your Information' to Josiah DuBois. And the two paged document in question from Hodel to Secretary Morgenthau on the March 16th publication and it's backlash.,1,1-1,1,Hotel; Dubois; Morgenthau; Memo,,,,,application/pdf,,,,foryourinformation,image,/objects/foryourinformation.pdf,/objects/small/foryourinformation_sm.jpg,/objects/thumbs/foryourinformation_th.jpg,,
dubois329,draftsecret.pdf,Draft Secret,Holocaust Education and Resource Center,,,Annotated draft page on the atrocities of the Nazi's treatment of Jews.,1,1-1,1,Nazi Atrocities; Annotated Draft,,,,,application/pdf,,,,draftsecret,image,/objects/draftsecret.pdf,/objects/small/draftsecret_sm.jpg,/objects/thumbs/draftsecret_th.jpg,,
dubois330,houseresolution_threefifty.pdf,Resolution 350,Holocaust Education and Resource Center,1943-11-9,No,House of Representatives resolution submittion by Mr Baldwin of New York. The resolution speaks on urging the President to create a commission to help aid the surviving Jews in Europe.,1,1-1,1,Resolution 350; Baldwin; Jewish Refugees,,,,,application/pdf,,,,houseresolution_threefifty,image,/objects/houseresolution_threefifty.pdf,/objects/small/houseresolution_threefifty_sm.jpg,/objects/thumbs/houseresolution_threefifty_th.jpg,,
dubois331,houseresolution_threefiftytwo.pdf,Resolution 352,Holocaust Education and Resource Center,1943-11-9,No,House of Representatives resolution submitted by Mr Rogers of California. This resolution speaks on urging the President on creating a commission to aid the Jews in Nazi Occupied territory.,1,1-1,1,Resolution 352; Rogers; Nazi Occupied Territory,,,,,application/pdf,,,,houseresolution_threefiftytwo,image,/objects/houseresolution_threefiftytwo.pdf,/objects/small/houseresolution_threefiftytwo_sm.jpg,/objects/thumbs/houseresolution_threefiftytwo_th.jpg,,
dubois332,houseresolution_twozerothree.pdf,Resolution 203,Holocaust Education and Resource Center,1943-11-9,No,House of Representatives resolution from Mr Gillette and others. This resolution is urging the President to make a committee to aid the Jews in Nazi occupied Europe. This document is two sided and has a copy.,1,1-1,1,Resolution 203; Gillette; Nazi Occupied Europe,,,,,application/pdf,,,,houseresolution_twozerothree,image,/objects/houseresolution_twozerothree.pdf,/objects/small/houseresolution_twozerothree_sm.jpg,/objects/thumbs/houseresolution_twozerothree_th.jpg,,
dubois333,report_twozerothree.pdf,Report on Resolution 203,Holocaust Education and Resource Center,1943-12-20,No,A report submittion by Mr Gillette,1,1-1,1,Resolution 203; Gillette; Report,,,,,application/pdf,,,,report_twozerothree,image,/objects/report_twozerothree.pdf,/objects/small/report_twozerothree_sm.jpg,/objects/thumbs/report_twozerothree_th.jpg,,
dubois334,fdrmessagetocongress.pdf,President Message to Congress on the War Refugee Board,Holocaust Education and Resource Center,,,"A message to Congress by FDR on the treatment of Jews in Nazi Occupied Territory, and the formation of the War Refugee Board. This message is seven pages long.",1,1-1,1,Roosevelt; Congress; War Refugee Board,,,,,application/pdf,,,,fdrmessagetocongress,image,/objects/fdrmessagetocongress.pdf,/objects/small/fdrmessagetocongress_sm.jpg,/objects/thumbs/fdrmessagetocongress_th.jpg,,
dubois335,memodrafttofdr.pdf,Draft Memo on War Refugee Board,Holocaust Education and Resource Center,,,A draft memo for the President on the War Refugee Board. This memo has handwritten edits and write-ins.,1,1-1,1,War Refugee Board; Draft Memo; Handwritten; President,,,,,application/pdf,,,,memodrafttofdr,image,/objects/memodrafttofdr.pdf,/objects/small/memodrafttofdr_sm.jpg,/objects/thumbs/memodrafttofdr_th.jpg,,
dubois336,evacuationofjewishrefugees_index.pdf,Index,Holocaust Education and Resource Center,,,"Six page index on caples, memos, letters, newspaper clippings, transcripts, articles, and conversations.",1,1-1,1,Index; Cables; Memos; Letters; Newspaper Clippings; Transcripts,,,,,application/pdf,,,,evacuationofjewishrefugees_index,image,/objects/evacuationofjewishrefugees_index.pdf,/objects/small/evacuationofjewishrefugees_index_sm.jpg,/objects/thumbs/evacuationofjewishrefugees_index_th.jpg,,
dubois337,refugeerelocationafrica.pdf,Refugee relocation in North Africa,Holocaust Education and Resource Center,1944-2-1,No,Letter to the Secretary of State from Henry Morgenthau on a British plan to assist in relocating Jewish refugee's to cities in Northern Africa. This letter is two pages long.,1,1-1,1,Letter; Morgenthau; Secretary of State; Jewish Refugees; North Africa,,,,,application/pdf,,,,refugeerelocationafrica,image,/objects/refugeerelocationafrica.pdf,/objects/small/refugeerelocationafrica_sm.jpg,/objects/thumbs/refugeerelocationafrica_th.jpg,,
dubois338,fundsforriegner.pdf,War Refugee Board Funds for Riegner,Holocaust Education and Resource Center,1944-1-30,No,"Letter to the American Legation in Bern on the 25,000 United States Equivalent currency to Riegner.",1,1-1,1,Letter; Riegner; War Refugee Board; Funds,,,,,application/pdf,,,,fundsforriegner,image,/objects/fundsforriegner.pdf,/objects/small/fundsforriegner_sm.jpg,/objects/thumbs/fundsforriegner_th.jpg,,
dubois340,jewishagencies.pdf,Information from Jewish Agencies Packet,Holocaust Education and Resource Center,,,"This is a packet of all the contents from folder 003. They are bound together, and they are multiple memos and letters about various Jewish Agencies.",1,1-1,3,Jewish Agencies; Packet,,,,,application/pdf,,,,jewishagencies,image,/objects/jewishagencies.pdf,/objects/small/jewishagencies_sm.jpg,/objects/thumbs/jewishagencies_th.jpg,,
dubois341,contentsoffolder.pdf,Contents of Folder,Holocaust Education and Resource Center,,,A table of contents of the cables in the folder.,1,1-1,4,Table of Contents; Cables; Folder,,,,,application/pdf,,,,contentsoffolder,image,/objects/contentsoffolder.pdf,/objects/small/contentsoffolder_sm.jpg,/objects/thumbs/contentsoffolder_th.jpg,,
dubois342,personalfromactingsecretary.pdf,Personal from the Acting Secretary for the Minister,Holocaust Education and Resource Center,1942-10-5,No,Memo from the Secretary of State to the American Legation in Bern about the Jewish Congress and what is happening to Jews during the war.,1,1-1,4,Memo; Secretary of State; American Legation; Bern; Jewish Congress,,,,,application/pdf,,,,personalfromactingsecretary,image,/objects/personalfromactingsecretary.pdf,/objects/small/personalfromactingsecretary_sm.jpg,/objects/thumbs/personalfromactingsecretary_th.jpg,,
dubois343,warningprivatemessages.pdf,Warning of Accepting Private Messages,Holocaust Education and Resource Center,1943-2-10,No,"A memo from Secretary Hull to the American Legation in Bern, warning about accepting private messages.",1,1-1,4,Memo; Hull; Warning; Private Messages,,,,,application/pdf,,,,warningprivatemessages,image,/objects/warningprivatemessages.pdf,/objects/small/warningprivatemessages_sm.jpg,/objects/thumbs/warningprivatemessages_th.jpg,,
dubois344,berlinsourcetelegram.pdf,Berlin Source Telegram,Holocaust Education and Resource Center,1943-3-10,No,"A telegram from the American Legation to the Secretary of State, explaining a Berlin source which speaks on the killings of the Jewish people from January twenty sixth to March second.",1,1-1,4,Telegram; American Legation; Bern; Berlin Source; ,,,,,application/pdf,,,,berlinsourcetelegram,image,/objects/berlinsourcetelegram.pdf,/objects/small/berlinsource_telegram_sm.jpg,/objects/thumbs/berlinsource_telegram_th.jpg,,
dubois345,infoonjewsinnaziterritory.pdf,Information on Jews in Nazi Occupied Territories,Holocaust Education and Resource Center,1943-4-10,No,Short telegram to the American Legation that Dr Gerard Riegner has important information regarding the Jews in Nazi Occupied Territories.,1,1-1,4,Telegram; Riegner; Nazi Occupied Territories,,,,,application/pdf,,,,infoonjewsinnaziterritory,image,/objects/infoonjewsinnaziterritory.pdf,/objects/small/infoonjewsinnaziterritory_sm.jpg,/objects/thumbs/infoonjewsinnaziterritory_th.jpg,,
dubois346,confidentialcode.pdf,Confidential Code,Holocaust Education and Resource Center,1943-4-20,No,A two page letter split into two sections. Section One is on an individual named R and their telegrams. Section Two is on differentiating between facts and rumors on the telegrams.,1,1-1,4,Confidential Code; Facts; Rumors,,,,,application/pdf,,,,confidentialcode,image,/objects/confidentialcode.pdf,/objects/small/confidentialcode_sm.jpg,/objects/thumbs/confidentialcode_th.jpg,,
dubois347,cableconcern.pdf,Cable 354 Concern,Holocaust Education and Resource Center,1943-12-23,No,Short memo concering cable 354 and the initials typed on the message. This document has a but of scuffing with gramatical corrections.,1,1-1,4,Cable 354; Memo; Corrections,,,,,application/pdf,,,,cableconcern,image,/objects/cableconcern.pdf,/objects/small/cableconcern_sm.jpg,/objects/thumbs/cableconcern_th.jpg,,
dubois348,conference_with_consul.pdf,Conference with Consul General Wiley re Jewish Regugees,Holocaust Education and Resource Center,1943-1-18,No,"A two paged letter from Josiah DuBois about a conference he had with Consul General Wiley. This letter speaks on the refugee's and their possible release, and the potential backlash it could cause the war effort.",1,1-1,5,Letter; Wiley; DuBois; Jewish Refugees; Conference; Release; Backlash,,,,,application/pdf,,,,conference_with_consul,image,/objects/conference_with_consul.pdf,/objects/small/conference_with_consul_sm.jpg,/objects/thumbs/conference_with_consul_th.jpg,,
dubois349,murder_of_jews.pdf,Murder of Jews,Holocaust Education and Resource Center,1944-1-13,No,An eighteen page report on the State Departments inactivity regarding the matters of the murder of the Jewish people in Europe.,1,1-1,6,State Department; Inactivity; Europe,,,,,application/pdf,,,,murder_of_jews,image,/objects/murder_of_jews.pdf,/objects/small/murder_of_jews_sm.jpg,/objects/thumbs/murder_of_jews_th.jpg,,
dubois350,evacuationofregugees.pdf,Evacuation of Refugees Report to Secretary,Holocaust Education and Resource Center,,,History and background materials list.,1,1-1,7,List; History; Background,,,,,application/pdf,,,,evacuationofregugees,image,/objects/evacuationofregugees.pdf,/objects/small/evacuationofregugees_sm.jpg,/objects/thumbs/evacuationofregugees_th.jpg,,
dubois351,morgenthaumemoonly.pdf,Morgenthau Information Only,Holocaust Education and Resource Center,,,A packet report to Secretary Morgenthau on the activities of the State Department. This packet is six pages and paper clipped together.,1,1-1,7,Morgenthau; State Department; Packet Report,,,,,application/pdf,,,,morgenthaumemoonly,image,/objects/morgenthaumemoonly.pdf,/objects/small/morgenthaumemoonly_sm.jpg,/objects/thumbs/morgenthaumemoonly_th.jpg,,
dubois352,packetmemomorgenthau.pdf,Packet Memo to Morgenthau,Holocaust Education and Resource Center,,,"Packet memo to Secretary Morgenthau on the mass murder of the Jewish people in Europe. This packet is held together with staples and is heavily hand edited with notes in pencil, as well as pieces of notebook paper with more notes. There are mulitple drafts of this packet, both typed and handwritten.",1,1-1,7,Morgenthau; Mass Murder; Europe; Memo,,,,,application/pdf,,,,packetmemomorgenthau,image,/objects/packetmemomorgenthau.pdf,/objects/small/packetmemomorgenthau_sm.jpg,/objects/thumbs/packetmemomorgenthau_th.jpg,,
dubois353,personalreportongovernmentactivity.pdf,Personal Report to the President on the Activities of this Government with Respect to the Extermination of the Jews,Holocaust Education and Resource Center,,,Final Report sent to the President on the Extermination of the Jewish people in Europe. This report is paper clipped together.,1,1-1,7,President; Extermination; Europe; Final Report,,,,,application/pdf,,,,personalreportongovernmentactivity,image,/objects/personalreportongovernmentactivity.pdf,/objects/small/personalreportongovernmentactivity_sm.jpg,/objects/thumbs/personalreportongovernmentactivity_th.jpg,,
dubois354,handwrittenpacketonjews.pdf,Handwritten packet on the Jews,Holocaust Education and Resource Center,,,Handwritten draft packet on the Jews in Europe.,1,1-1,7,Europe; Handwritten Packet,,,,,application/pdf,,,,handwrittenpacketonjews,image,/objects/handwrittenpacketonjews.pdf,/objects/small/handwrittenpacketonjews_sm.jpg,/objects/thumbs/handwrittenpacketonjews_th.jpg,,
dubois355,handwrittenpacketonstatedepartment.pdf,Handwritten packet on the State Department,Holocaust Education and Resource Center,,,A handwritten packet on the State Department.,1,1-1,7,State Department; Handwritten Packet,,,,,application/pdf,,,,handwrittenpacketonstatedepartment,image,/objects/handwrittenpacketonstatedepartment.pdf,/objects/small/handwrittenpacketonstatedepartment_sm.jpg,/objects/thumbs/handwrittenpacketonstatedepartment_th.jpg,,
dubois356,information_of_hull.pdf,Memo Draft for the Personal Information of Cordell Hull,Holocaust Education and Resource Center,,,Draft memo packet on obtaining information about Cordell Hull concerning plans of the German Govenement's extermination of the Jews in Europe. This packet is paper clipped together and has handwritten edits and notes.,1,1-1,7,Hull; Extermination; Europe; Draft Memo; Germen Goverment,,,,,application/pdf,,,,information_of_hull,image,/objects/information_of_hull.pdf,/objects/small/information_of_hull_sm.jpg,/objects/thumbs/information_of_hull_th.jpg,,
dubois357,congresscommentprogramrescueofjews.pdf,Congressional comment on a program of rescue for the Jews of Europe and Congressional criticism of the State Department in connection therewith,Holocaust Education and Resource Center,,,Three paged packet memo on the discussion of forming a program to help the Jews flee Europe.,1,1-1,7,Rescue Program; Europe,,,,,application/pdf,,,,congresscommentprogramrescueofjews,image,/objects/congresscommentprogramrescueofjews.pdf,/objects/small/congresscommentprogramrescueofjews_sm.jpg,/objects/thumbs/congresscommentprogramrescueofjews_th.jpg,,
dubois358,failureofbermudaconference.pdf,The Failure of the Bermuda Conference,Holocaust Education and Resource Center,,,Packet on the failure of the Bermuda Conference and it's failure to come up with a solution to the issue in Europe.,1,1-1,7,Bermuda Conference; Failure; Refugees,,,,,application/pdf,,,,failureofbermudaconference,image,/objects/failureofbermudaconference.pdf,/objects/small/failureofbermudaconference_sm.jpg,/objects/thumbs/failureofbermudaconference_th.jpg,,
dubois359,contentsofevaluation.pdf,Contents of Evacuation of Jewish Refugees,Holocaust Education and Resource Center,,,"Table of Contents for the folder 'Evacuation of Jewish Refugees'. The contents lists letters, notes, cables, and memos.",1,1-1,8,Evacuation; Jewish Refugees; Table of Contents,,,,,application/pdf,,,,contentsofevaluation,image,/objects/contentsofevaluation.pdf,/objects/small/contentsofevaluation_sm.jpg,/objects/thumbs/contentsofevaluation_th.jpg,,
dubois360,letterfrom_morgenthau_to_cordell.pdf,Letter from Morgenthau to Cordell plus Memo,Holocaust Education and Resource Center,1943-11-24,No,Letter from Morgenthau to Cordell on the license to the World Jewish Congress.,1,1-1,8,Letter; Morgenthau; Hull; World Jewish Congress; License,,,,,application/pdf,,,,letterfrom_morgenthau_to_cordell,image,/objects/letterfrom_morgenthau_to_cordell.pdf,/objects/small/letterfrom_morgenthau_to_cordell_sm.jpg,/objects/thumbs/letterfrom_morgenthau_to_cordell_th.jpg,,
dubois361,memoanddrafttobritishembassy.pdf,Memo and Draft to Secretary Hull on the British Embassy,Holocaust Education and Resource Center,1943-11-24,No,This is a memo attached to a draft. The memo is from Morgenthau to Hull about a cable the Treasury is intending to send to the British Embassy. The draft attached is on the license intended for the World Jewish Congress on their plan to help Jews flee Europe.,1,1-1,8,Morgenthau; Hull; British Embassy; Draft Memo,,,,,application/pdf,,,,memoanddrafttobritishembassy,image,/objects/memoanddrafttobritishembassy.pdf,/objects/small/memoanddrafttobritishembassy_sm.jpg,/objects/thumbs/memoanddrafttobritishembassy_th.jpg,,
dubois362,cordellresponsetomorgenthau.pdf,Response letter from Cordell to Morgenthau,Holocaust Education and Resource Center,1943-12-6,No,This is a response letter to Morgenthau's letter on November 24th. This letter is four pages long and speaks on the license proposals and the State Department's involvement and views.,1,1-1,8,License Proposals; State Department; Response,,,,,application/pdf,,,,cordellresponsetomorgenthau,image,/objects/cordellresponsetomorgenthau.pdf,/objects/small/cordellresponsetomorgenthau_sm.jpg,/objects/thumbs/cordellresponsetomorgenthau_th.jpg,,
dubois363,dec_seventeenth_response_letter.pdf,Response letter December Seventeenth,Holocaust Education and Resource Center,1943-12-17,No,Response letter to Cordell's December 12th letter.,1,1-1,8,Hull; Response Letter; December Seventeenth,,,,,application/pdf,,,,dec_seventeenth_response_letter,image,/objects/dec_seventeenth_response_letter.pdf,/objects/small/dec_seventeenth_response_letter_sm.jpg,/objects/thumbs/dec_seventeenth_response_letter_th.jpg,,
dubois364,developments_world_jewish_congress.pdf,Developments relating to the World Jewish Congress Program,Holocaust Education and Resource Center,1943-12-17,No,A ten page letter regarding the developments regarding the program put forward by the World Jewish Congress.,1,1-1,8,World Jewish Congress; Program; Developments,,,,,application/pdf,,,,developments_world_jewish_congress,image,/objects/developments_world_jewish_congress.pdf,/objects/small/developments_world_jewish_congress_sm.jpg,/objects/thumbs/developments_world_jewish_congress_th.jpg,,
dubois365,paraphrase_telegram_eightsevenseventeen.pdf,Paraphrase of Telegram 8718,Holocaust Education and Resource Center,1943-12-18,No,"A cable referring to telegram 8717 on December 15th, the State Departments concerns with the program of the World Jewish Congress.",1,1-1,8,Telegram 8717; Telegram 8718; World Jewish Congress,,,,,application/pdf,,,,paraphrase_telegram_eightsevenseventeen,image,/objects/paraphrase_telegram_eightsevenseventeen.pdf,/objects/small/paraphrase_telegram_eightsevenseventeen_sm.jpg,/objects/thumbs/paraphrase_telegram_eightsevenseventeen_th.jpg,,
dubois366,telegram_sevenfivezerosix_concern.pdf,Letter regarding telegram 7506,Holocaust Education and Resource Center,1943-12-17,No,"A letter regarding telegram 7506, and the program for the World Jewish Congress. This letter was also recieved in London.",1,1-1,8,Letter; Telegram 7506; World Jewish Congress; London,,,,,application/pdf,,,,telegram_sevenfivezerosix_concern,image,/objects/telegram_sevenfivezerosix_concern.pdf,/objects/small/telegram_sevenfivezerosix_concern_sm.jpg,/objects/thumbs/telegram_sevenfivezerosix_concern_th.jpg,,
dubois367,memoonbritishresponse.pdf,Memo on the British Response,Holocaust Education and Resource Center,1943-12-20,No,Memo to Secretary Hull on Ambassador Winant and the British response to the program proposed by the World Jewish Congress.,1,1-1,8,Hull; Winant; British Response; World Jewish Congress,,,,,application/pdf,,,,memoonbritishresponse,image,/objects/memoonbritishresponse.pdf,/objects/small/memoonbritishresponse_sm.jpg,/objects/thumbs/memoonbritishresponse_th.jpg,,
dubois368,memoonbermudarefugeeconference.pdf,Momorandum submitted to The Bermuda Refugee Conference,Holocaust Education and Resource Center,1943-4-13,No,A memo in a booklet form for the Bermuda Refugee Conference regarding the treatment and destruction of Jews in Axis controlled Europe.,1,1-1,9,Memo; Bermuda Refugee Conference; Axis Controlled Europe,,,,,application/pdf,,,,memoonbermudarefugeeconference,image,/objects/memoonbermudarefugeeconference.pdf,/objects/small/memoonbermudarefugeeconference_sm.jpg,/objects/thumbs/memoonbermudarefugeeconference_th.jpg,,
dubois369,rescuing_refugees.pdf,Rescuing Refugees,Holocaust Education and Resource Center,1944,Yes,Newspaper clipping on the creation of the War Refugee Board.,1,1-1,9,War Refugee Board; Refugees; Newspaper Clipping,,,,,application/pdf,,,,rescuing_refugees,image,/objects/rescuing_refugees.pdf,/objects/small/rescuing_refugees_sm.jpg,/objects/thumbs/rescuing_refugees_th.jpg,,
dubois370,wagnerfor_freeports.pdf,Wagner for Free Ports,Holocaust Education and Resource Center,May 12,Yes,Short newspaper clipping from the New York Daily on the idea of Free Ports to European refugees.,1,1-1,9,Free Ports; European Refugees; Newspaper Clipping,,,,,application/pdf,,,,wagnerfor_freeports,image,/objects/wagnerfor_freeports.pdf,/objects/small/wagnerfor_freeports_sm.jpg,/objects/thumbs/wagnerfor_freeports_th.jpg,,
dubois371,the_day_in_washington.pdf,The Day in Washington,Holocaust Education and Resource Center,1944-5-12,No,Short newspaper clipping from The New York Times on the passing of a resolution to investigate the Office of Censorship.,1,1-1,9,Resolution; Office of Censorship; Newspaper Clipping,,,,,application/pdf,,,,the_day_in_washington,image,/objects/the_day_in_washington.pdf,/objects/small/the_day_in_washington_sm.jpg,/objects/thumbs/the_day_in_washington_th.jpg,,
dubois372,cio_backs_refugee_free_ports.pdf,CIO Backs Refugee Free Ports,Holocaust Education and Resource Center,1944-5-11,No,Newspaper clipping from the New York Post on CIO's support of the free ports idea.,1,1-1,9,CIO; Refugee Free Ports; Newspaper Clipping,,,,,application/pdf,,,,cio_backs_refugee_free_ports,image,/objects/cio_backs_refugee_free_ports.pdf,/objects/small/cio_backs_refugee_free_ports_sm.jpg,/objects/thumbs/cio_backs_refugee_free_ports_th.jpg,,
dubois373,query_about_proposed_refugee_free_ports.pdf,Query about Proposed Refugee Free Ports,Holocaust Education and Resource Center,1944-4-25,No,"Short newspaper clipping from the New York World Telegram on the free ports idea, and questioning the War Refugee Boards authority.",1,1-1,9,Proposed Refugee Free Ports; War Refugee Board; Newspaper Clipping,,,,,application/pdf,,,,query_about_proposed_refugee_free_ports,image,/objects/query_about_proposed_refugee_free_ports.pdf,/objects/small/query_about_proposed_refugee_free_ports_sm.jpg,/objects/thumbs/query_about_proposed_refugee_free_ports_th.jpg,,
dubois374,international_handling_of_refugees_suggested.pdf,International Handling of Refugees Suggested,Holocaust Education and Resource Center,1943-3-4,No,"Newspaper clipping from the NY Herald Tribune on the fleeing of Jewish Refugees to Great Britian, Cyrprus, Palestine, and other areas away from Europe.",1,1-1,9,Jewish Refugees; Great Britain; Cyprus; Palestine,,,,,application/pdf,,,,international_handling_of_refugees_suggested,image,/objects/international_handling_of_refugees_suggested.pdf,/objects/small/international_handling_of_refugees_suggested_sm.jpg,/objects/thumbs/international_handling_of_refugees_suggested_th.jpg,,
dubois375,text_of_hitler_eleventh_anniversary.pdf,Text of Hitler Address Marking the 11th Anniversary of His National Socialist Regime,Holocaust Education and Resource Center,1944-1-31,No,Newspaper article by the New York Times from London on the war.,1,1-1,9,Newspaper Article; London; War,,,,,application/pdf,,,,text_of_hitler_eleventh_anniversary,image,/objects/text_of_hitler_eleventh_anniversary.pdf,/objects/small/text_of_hitler_eleventh_anniversary_sm.jpg,/objects/thumbs/text_of_hitler_eleventh_anniversary_th.jpg,,
dubois376,hitleras_saviorofthe_smallnations.pdf,Hitler as Savior of Small Nations,Holocaust Education and Resource Center,1944-1-31,No,Newspaper article by the New York Times criticizing Hitler's 11th Anniversary speach and his actions during and before the war.,1,1-1,9,Hitler; 11th Anniversary Speech; War; New York Times; Newspaper Article,,,,,application/pdf,,,,hitleras_saviorofthe_smallnations,image,/objects/hitleras_saviorofthe_smallnations.pdf,/objects/small/hitleras_saviorofthe_smallnations_sm.jpg,/objects/thumbs/hitleras_saviorofthe_smallnations_th.jpg,,
dubois377,hitlers_last_arguments.pdf,Hitler's Last Arguments,Holocaust Education and Resource Center,1944-1-31,No,Newspaper article by the New York Times on Hitler's 11th Anniversary speech.,1,1-1,9,Newspaper Article; New York Times; Hitler; Speech,,,,,application/pdf,,,,hitlers_last_arguments,image,/objects/hitlers_last_arguments.pdf,/objects/small/hitlers_last_arguments_sm.jpg,/objects/thumbs/hitlers_last_arguments_th.jpg,,
dubois378,multiple_news_articles_nytimes.pdf,Multiple News Articles,Holocaust Education and Resource Center,1944-1-31,No,Multiple articles by the New York Times on the Jewish People in Europe.,1,1-1,9,Europe; Newspaper Articles,,,,,application/pdf,,,,multiple_news_articles_nytimes,image,/objects/multiple_news_articles_nytimes.pdf,/objects/small/multiple_news_articles_nytimes_sm.jpg,/objects/thumbs/multiple_news_articles_nytimes_th.jpg,,
dubois379,social_ill_foundin_antisemitism.pdf,Social Ill Found in Anti-Semitism,Holocaust Education and Resource Center,1944-1-31,No,New York Times article on Anti-Semitism in Palestine.,1,1-1,9,Anti-Semitism; Palestine; New York Times; Newspaper Article,,,,,application/pdf,,,,social_ill_foundin_antisemitism,image,/objects/social_ill_foundin_antisemitism.pdf,/objects/small/social_ill_foundin_antisemitism_sm.jpg,/objects/thumbs/social_ill_foundin_antisemitism_th.jpg,,
dubois380,murphyheads_unittoaid_jewsin_nazifight.pdf,Murphy Heads Unit to Aid Jews in Nazi Fight,Holocaust Education and Resource Center,1944-1-31,No,Washington Post article on a committee dedicated to being against the termination of Jewsin Nazi Europe.,1,1-1,9,Nazi Europe; Washington Post; Committee; Newspaper Article,,,,,application/pdf,,,,murphyheads_unittoaid_jewsin_nazifight,image,/objects/murphyheads_unittoaid_jewsin_nazifight.pdf,/objects/small/murphyheads_unittoaid_jewsin_nazifight_sm.jpg,/objects/thumbs/murphyheads_unittoaid_jewsin_nazifight_th.jpg,,
dubois381,newspaper_release.pdf,"Release for Newspapers, War Refugee Board Executive Order",Holocaust Education and Resource Center,1944-1-22,No,Notice for all Morning Newspapers on the Executive Order of the formation of the War Refugee Board.,1,1-1,9,War Refugee Board; Executive Order; Newspaper Release,,,,,application/pdf,,,,newspaper_release,image,/objects/newspaper_release.pdf,/objects/small/newspaper_release_sm.jpg,/objects/thumbs/newspaper_release_th.jpg,,
dubois382,breckinridge_long_statement.pdf,Statement of the Hon. Breckinridge Long,Holocaust Education and Resource Center,1943-12-24,No,Statement by Breckinridge Long by the Jewish Comment on the Jewish peoples in Nazi Europe.,1,1-1,9,Long; Statement; Nazi Europe,,,,,application/pdf,,,,breckinridge_long_statement,image,/objects/breckinridge_long_statement.pdf,/objects/small/breckinridge_long_statement_sm.jpg,/objects/thumbs/breckinridge_long_statement_th.jpg,,
dubois383,crocodile_tears.pdf,Crocidile Tears,Holocaust Education and Resource Center,1943-12-25,No,Article criticing Breckinridge Long's statement made on December 24th.,1,1-1,9,Long; Crocodile Tears; Statement; Article,,,,,application/pdf,,,,crocodile_tears,image,/objects/crocodile_tears.pdf,/objects/small/crocodile_tears_sm.jpg,/objects/thumbs/crocodile_tears_th.jpg,,
dubois384,hopefulhints_endsbermuda_sessions.pdf,Hopefully Hints Ends Bermuds Sessions,Holocaust Education and Resource Center,,,A short newspaper article on the Bermuda Conference and questioning it's lack of decision.,1,1-1,9,Bermuda Conference; Refugees; Newspaper Article,,,,,application/pdf,,,,hopefulhints_endsbermuda_sessions,image,/objects/hopefulhints_endsbermuda_sessions.pdf,/objects/small/hopefulhints_endsbermuda_sessions_sm.jpg,/objects/thumbs/hopefulhints_endsbermuda_sessions_th.jpg,,
dubois385,jewsandthe_unitednations.pdf,The Jews and the United Nations,Holocaust Education and Resource Center,,,Article on the United Nations and the Jews in Europe.,1,1-1,9,United Nations; Europe; Article,,,,,application/pdf,,,,jewsandthe_unitednations,image,/objects/jewsandthe_unitednations.pdf,/objects/small/jewsandthe_unitednations_sm.jpg,/objects/thumbs/jewsandthe_unitednations_th.jpg,,
dubois386,usinvitesbritishtorefugeeparley.pdf,US Invites British to Refugee Parley,Holocaust Education and Resource Center,,,Article on the refugee issue in Europe. This article is long and thus not all captured in the scan.,1,1-1,9,Refugees; Europe; British; Parley; Article,,,,,application/pdf,,,,usinvitesbritishtorefugeeparley,image,/objects/usinvitesbritishtorefugeeparley.pdf,/objects/small/usinvitesbritishtorefugeeparley_sm.jpg,/objects/thumbs/usinvitesbritishtorefugeeparley_th.jpg,,
dubois387,first_great_step_taken.pdf,"The First Great, Realistic Step Has Been Taken",Holocaust Education and Resource Center,1944-1-24,No,Washington Post article on the creation and job of the War Refugee Board.,1,1-1,9,War Refugee Board; Washington Post; Newspaper Article,,,,,application/pdf,,,,first_great_step_taken,image,/objects/first_great_step_taken.pdf,/objects/small/first_great_step_taken_sm.jpg,/objects/thumbs/first_great_step_taken_th.jpg,,
dubois388,editmemo.pdf,Edit Memo,Holocaust Education and Resource Center,1943-8-27,No,A short memo from Luxford to DuBois on editing a document on the Jewish refugees.,1,1-1,10,Luxford; DuBois; Jewish Refugees; Edit Memo,,,,,application/pdf,,,,editmemo,image,/objects/editmemo.pdf,/objects/small/editmemo_sm.jpg,/objects/thumbs/editmemo_th.jpg,,
dubois389,paraphrasetelegram.pdf,Paraphrased Telegram Memo,Holocaust Education and Resource Center,1943-8-26,No,Short memo to DuBois from Hull on telegram 5149 from Bern.,1,1-1,10,DuBois; Hull; Telegram 5149; Bern; Memo,,,,,application/pdf,,,,paraphrasetelegram,image,/objects/paraphrasetelegram.pdf,/objects/small/paraphrasetelegram_sm.jpg,/objects/thumbs/paraphrasetelegram_th.jpg,,
dubois390,conference_suggestion.pdf,Conference Suggestion,Holocaust Education and Resource Center,1943-11-22,No,"Letter from Joseph O'Connell to Secretary Morgenthau on a conference with White, Pehle, Luxford and DuBois on discussing the proposal from the World Jewish Congress",1,1-1,10,O'Connell; Morgenthau; White; Pehle; Luxford; DuBois; World Jewish Congress; Conference,,,,,application/pdf,,,,conference_suggestion,image,/objects/conference_suggestion.pdf,/objects/small/conference_suggestion_sm.jpg,/objects/thumbs/conference_suggestion_th.jpg,,
dubois391,paratelegramtoharrison.pdf,Paragphrased Telegram Harrison,Holocaust Education and Resource Center,1943-11-14,No,Telegram from the American Legation in Bern on the telegrams recieved by the British Commercial Secretary.,1,1-1,10,American Legation; Bern; British Commercial Secretary; Telegram,,,,,application/pdf,,,,paratelegramtoharrison,image,/objects/paratelegramtoharrison.pdf,/objects/small/paratelegramtoharrison_sm.jpg,/objects/thumbs/paratelegramtoharrison_th.jpg,,
dubois392,pehle_attention.pdf,For Personal Attention of Mr Pehle,Holocaust Education and Resource Center,1943-11-13,No,Letter from Guy Thornold to Pehle about more information on the program by the World Jewish Congress.,1,1-1,10,Letter; Thornold; Pehle; World Jewish Congress; Program,,,,,application/pdf,,,,pehle_attention,image,/objects/pehle_attention.pdf,/objects/small/pehle_attention_sm.jpg,/objects/thumbs/pehle_attention_th.jpg,,
dubois393,cablesletters.pdf,Letter on Cables,Holocaust Education and Resource Center,1943-11-2,No,Letter from Randolph Paul to Secretary Morgenthau about cables delivered to Bern and their replies. This letter is two pages.,1,1-1,10,Letter; Paul; Morgenthau; Bern; Cables; Replies,,,,,application/pdf,,,,cablesletters,image,/objects/cablesletters.pdf,/objects/small/cablesletters_sm.jpg,/objects/thumbs/cablesletters_th.jpg,,
dubois394,fundingmethodcable.pdf,Reigner Funding Method Cable,Holocaust Education and Resource Center,1943-9-28,No,Cable to the American Legation on Reigner and the World Jewish Congress's funding method for the program.,1,1-1,10,Riegner; World Jewish Congress; Funding Method; American Legation; Cable,,,,,application/pdf,,,,fundingmethodcable,image,/objects/fundingmethodcable.pdf,/objects/small/fundingmethodcable_sm.jpg,/objects/thumbs/fundingmethodcable_th.jpg,,
dubois395,concerntelegram.pdf,Concern Telegram,Holocaust Education and Resource Center,1943-10-6,No,"Response cable from the American Legation on Reigner's funds, and the concerns of the British to not let funds fall into enemy hands. This cable is two pages long.",1,1-1,10,Riegner; Funds; British Concerns; American Legation; Cable,,,,,application/pdf,,,,concerntelegram,image,/objects/concerntelegram.pdf,/objects/small/concerntelegram_sm.jpg,/objects/thumbs/concerntelegram_th.jpg,,
dubois396,treasurydepartment_compliance.pdf,Treasury Department Compliance,Holocaust Education and Resource Center,1943-10-26,No,Response cable to the American Legation on cable 6269 on Reigner's funding.,1,1-1,10,Treasury Department; American Legation; Cable 6269; Riegner; Funding,,,,,application/pdf,,,,treasurydepartment_compliance,image,/objects/treasurydepartment_compliance.pdf,/objects/small/treasurydepartment_compliance_sm.jpg,/objects/thumbs/treasurydepartment_compliance_th.jpg,,
dubois397,cablesixtwosixnineattached.pdf,Memo on Cable 6269,Holocaust Education and Resource Center,1943-10-23,No,"Memo from Pehle to Stone on cable 6269, paraphrased.",1,1-1,10,Pehle; Stone; Cable 6269; Memo,,,,,application/pdf,,,,cablesixtwosixnineattached,image,/objects/cablesixtwosixnineattached.pdf,/objects/small/cablesixtwosixnineattached_sm.jpg,/objects/thumbs/cablesixtwosixnineattached_th.jpg,,
dubois398,orderreplymemo.pdf,Memo Ordering Reply,Holocaust Education and Resource Center,1943-10-23,No,Memo from Pehle ordering a reply to Bern per what was said in cable 6269.,1,1-1,10,Pehle; Bern; Cable 6269; Reply Memo,,,,,application/pdf,,,,orderreplymemo,image,/objects/orderreplymemo.pdf,/objects/small/orderreplymemo_sm.jpg,/objects/thumbs/orderreplymemo_th.jpg,,
dubois399,benefits_for_british_industry.pdf,How British Industry Would Benefit by Proposed Program,Holocaust Education and Resource Center,,,This document is a continuation of the Ruhr agreement. This one specifically talks about how British industries would benefit from it. No dates or signatures on this document. ,1_2_2,1-11,87,British Industry; Ruhr Agreement; Proposed Program,,,,,application/pdf,,,,benefits_for_british_industry,image,/objects/benefits_for_british_industry.pdf,/objects/small/benefits_for_british_industry_sm.jpg,/objects/thumbs/benefits_for_british_industry_th.jpg,,
dubois400,wellbeingresponsibility.pdf,Well-being is the Responsibility of the Germans,Holocaust Education and Resource Center,,,"This document talks about how Germany is responsible for it's economy and not the Allied Military authorities. Continuation of the Ruhr agreement, no dates nor sigantures. ",1_2_2,1-11,87,Germany; Economy; Allied Military Authorities; Ruhr Agreement,,,,,application/pdf,,,,wellbeingresponsibility,image,/objects/wellbeingresponsibility.pdf,/objects/small/wellbeingresponsibility_sm.jpg,/objects/thumbs/wellbeingresponsibility_th.jpg,,
dubois401,control_developmentof_germanyeconomy.pdf,Controls over Development of Germany Economy ,Holocaust Education and Resource Center,,,This document is a continuation of the Ruhr agreement. It discusses how a program needs to be put in place to strategically control the German economy. No dates or signatures on this document. ,1_2_2,1-11,87,German Economy; Strategic Control; Ruhr Agreement,,,,,application/pdf,,,,control_developmentof_germanyeconomy,image,/objects/control_developmentof_germanyeconomy.pdf,/objects/small/control_developmentof_germanyeconomy_sm.jpg,/objects/thumbs/control_developmentof_germanyeconomy_th.jpg,,
dubois402,german_reeducation.pdf,What to do about German Re-education,Holocaust Education and Resource Center,,,Continuation of the Ruhr agreement.This document discusses how the education system in Germany is their responsibility to uphold not outside people. No dates or signatures. ,1_2_2,1-11,87,German Re-Education; Education System; Ruhr Agreement,,,,,application/pdf,,,,german_reeducation,image,/objects/german_reeducation.pdf,/objects/small/german_reeducation_sm.jpg,/objects/thumbs/german_reeducation_th.jpg,,
dubois403,german_militariam.pdf,German Militarism Cannot be Destroyed by Destroying Nazism alone,Holocaust Education and Resource Center,,,Continuation of Ruhr agreement. This document discusses how there's more to fixing Germany than just the end of Nazism. There are no dates or signatures on this document. ,1_2_2,1-11,87,German Militarism; Nazism; Ruhr Agreement,,,,,application/pdf,,,,german_militariam,image,/objects/german_militariam.pdf,/objects/small/german_militariam_sm.jpg,/objects/thumbs/german_militariam_th.jpg,,
dubois404,punishmentonwarcrimes.pdf,Punishment of Certain War Crimes and Treatment of Special Groups,Holocaust Education and Resource Center,,,Continuation of the Ruhr agreement that talks about punishment and treatment of war criminals and other types of special groups. Document 1 of 3. Possible date on the last page listed as 9-8-44.,1_2_2,1-1,87,War Crimes; Punishment; Special Groups; Ruhr Agreement,,,,,application/pdf,,,,punishmentonwarcrimes,image,/objects/punishmentonwarcrimes.pdf,/objects/small/punishmentonwarcrimes_sm.jpg,/objects/thumbs/punishmentonwarcrimes_th.jpg,,
dubois409,potsdam_conference_memory.pdf,Brief Memory of Potsdam Conference,Holocaust Education and Resource Center,,,Briefly touches on one situation that happened during Potsdam Conference,S2_SS4,2-22,386,Potsdam Conference; Memory; Memo,,,,,application/pdf,,,,potsdam_conference_memory,image,/objects/potsdam_conference_memory.pdf,/objects/small/potsdam_conference_memory_sm.jpg,/objects/thumbs/potsdam_conference_memory_th.jpg,,
dubois410,reparations_mission_tojapan.pdf,United States Reparations Mission to Japan,Holocaust Education and Resource Center,1945-12-06,No,Travel orders to travel to Washington D.C. from Honolulu and California and report to Edwin W. Pauley. (6 copies),S2_SS4,2-22,386,Reparations Mission; Japan; Travel Orders; Pauley,,,,,application/pdf,,,,reparations_mission_tojapan,image,/objects/reparations_mission_tojapan.pdf,/objects/small/reparations_mission_tojapan_sm.jpg,/objects/thumbs/reparations_mission_tojapan_th.jpg,,
dubois411,hebrewandcollector.pdf,Hebrew Committee of National Liberation and Collector Documents,Holocaust Education and Resource Center,1945-09-07,Yes,"Group of documents paperclipped together, unable to remove paperclip. The top document is from the Hebrew Committee of National Liberation. The bottom document is from Harry L. Maloney. ",S2_SS4,2-22,386,Hebrew Committee of National Liberation; Maloney; Collector Documents,,,,,application/pdf,,,,hebrewandcollector,image,/objects/hebrewandcollector.pdf,/objects/small/hebrewandcollector_sm.jpg,/objects/thumbs/hebrewandcollector_th.jpg,,
dubois412,thankyousixtymillionjobs.pdf,H.A. Wallace Thank You to 'Harry' and Many More ,Holocaust Education and Resource Center,1945-07-30,No,"A letter to 'Harry' from H.A. Wallace thanking him and many others for their help and interest in the early stages of the book, ""Sixty Million Jobs.""",S2_SS4,2-22,386,Wallace; Sixty Million Jobs; Thank You Letter,,,,,application/pdf,,,,thankyousixtymillionjobs,image,/objects/thankyousixtymillionjobs.pdf,/objects/small/thankyousixtymillionjobs_sm.jpg,/objects/thumbs/thankyousixtymillionjobs_th.jpg,,
dubois413,striegsberdienamedailee.pdf,Striegs Berdien Amedaille 1939 Folder ,Holocaust Education and Resource Center,1939,Yes,"Folder that contains a medal, seen in Medal ",S2_SS4,2-22,386,Medal; Folder; 1939,,,,,application/pdf,,,,striegsberdienamedailee,image,/objects/striegsberdienamedailee.pdf,/objects/small/striegsberdienamedailee_sm.jpg,/objects/thumbs/striegsberdienamedailee_th.jpg,,
dubois415,confidentialwarcounts.pdf,IG Farben Aggressive War Counts (Confidential) ,Holocaust Education and Resource Center,1947,Yes,"Folder titled ""IG Farben Aggressive War Counts (Confidential)""",S2_SS4,2-22,387,IG Farben; Aggressive War Counts; Confidential Folder,,,,,application/pdf,,,,confidentialwarcounts,image,/objects/confidentialwarcounts.pdf,/objects/small/confidentialwarcounts_sm.jpg,/objects/thumbs/confidentialwarcounts_th.jpg,,
dubois416,commonplanconspiracy.pdf,Brief Discussion about War Crimes Charge ,Holocaust Education and Resource Center,1947-01,Yes,"Two documents paperclipped together, unable to remove the paperclip. Top document is to Josiah E. Dubois from Telford Taylor saying ""we dont need anymore."" Bottom document discusses a charge. ",S2_SS4,2-22,387,Taylor; DuBois; War Crimes Charge; Paperclipped Documents,,,,,application/pdf,,,,commonplanconspiracy,image,/objects/commonplanconspiracy.pdf,/objects/small/commonplanconspiracy_sm.jpg,/objects/thumbs/commonplanconspiracy_th.jpg,,
dubois417,warcrimesintro.pdf,Introduction for War Crimes in the IG Farben Aggressive War for General Taylor Mr. Ervin,Holocaust Education and Resource Center,1947-01-31,No,This is a document for General Taylor Mr. Ervin from Josiah E. Dubois Jr. informing him that he is attaching a collection of documents.,S2_SS4,2-22,387,Document; Taylor; Ervin; DuBois; War Crimes; IG Farben; ,,,,,application/pdf,,,,warcrimesintro,image,/objects/warcrimesintro.pdf,/objects/small/warcrimesintro_sm.jpg,/objects/thumbs/warcrimesintro_th.jpg,,
dubois418,indexbooklet.pdf,Index For IG Farben Aggressive War Counts,Holocaust Education and Resource Center,,,"18 page booklet, A outlines the charges relating to aggression, B highlights proving participation by Farben in planning, preparing and waging wars of aggression, C is additional evidence required for aggressive war counts.",S2_SS4,2-22,387,IG Farben; Aggressive War Counts; Index Booklet,,,,,application/pdf,,,,indexbooklet,image,/objects/indexbooklet.pdf,/objects/small/indexbooklet_sm.jpg,/objects/thumbs/indexbooklet_th.jpg,,
dubois419,packet_one_ropudiation_of_versailles.pdf,Preparation for the Repudiation of Versailles Pages 75-109 ,Holocaust Education and Resource Center,,,Packet missing rest of pages. Only contains pages 75-109 about the Preparation for the repudiation of Versailles. ,S2_SS4,2-22,389,Repudiation of Versailles; Packet; Pages 75-109,,,,,application/pdf,,,,packet_one_ropudiation_of_versailles,image,/objects/packet_one_ropudiation_of_versailles.pdf,/objects/small/packet_one_ropudiation_of_versailles_sm.jpg,/objects/thumbs/packet_one_ropudiation_of_versailles_th.jpg,,
dubois420,courttwocasenine.pdf,Afternoon Session from Court 2 Case 9 Read by Judge Dixon,Holocaust Education and Resource Center,1948-04-08,Yes,Packet missing the rest of pages. This packet is pages 6707-6784. The front page is written in third person. It is Judge Dixon reading the Judgement to The Tribunal. ,S2_SS4,2-22,389,Dixon; Court 2; Case 9; Tribunal; Judgement,,,,,application/pdf,,,,courttwocasenine,image,/objects/courttwocasenine.pdf,/objects/small/courttwocasenine_sm.jpg,/objects/thumbs/courttwocasenine_th.jpg,,
dubois421,transcriptagainstotto.pdf,Official Transcript of the American Military Tribunal in the Matter of the United States against Otto Ohlendorf,Holocaust Education and Resource Center,1948-04 -09,No,"Packet missing rest of pages. Only contains pages 6785-6852. This is the official transcript of the American Military Tribunal in the matter of the USA, against Otto Ohlendorf and many more. This occured in Nuremburg, Germany. ",S2_SS4,2-22,389,Ohlendorf; American Military Tribunal; Official Transcript; Nuremberg,,,,,application/pdf,,,,transcriptagainstotto,image,/objects/transcriptagainstotto.pdf,/objects/small/transcriptagainstotto_sm.jpg,/objects/thumbs/transcriptagainstotto_th.jpg,,
dubois422,transcriptagainstott.pdf,Official Transcript of the American Military Tribunal in the Matter of the United States against SS-Lieutenant Adolf Ott ,Holocaust Education and Resource Center,1948-04-09,No,"Packet missing rest of pages. Only contains pages 6853-6888. This is the official transcript of the American Military Tribunal in the matter of the USA, specifically against Adolt Ott. This occured in Nuremburg, Germany. ",S2_SS4,2-22,389,Ott; American Military Tribunal; Official Transcript; Nuremberg,,,,,application/pdf,,,,transcriptagainstotto,image,/objects/transcriptagainstott.pdf,/objects/small/transcriptagainstott_sm.jpg,/objects/thumbs/transcriptagainstott_th.jpg,,
dubois423,militarytribunalcasesix.pdf,"Closing Statement for Case No. 6 The USA Against Carl Krauch, et al., Defendants",Holocaust Education and Resource Center,1948-06-10,No,"Military Tribunal No. VI for case no. 6 of the USA against Carl Krauch, et al. Defendants. This is the first page of the packet. The packet is the closing statement for the USA in Nurnberg. The pages are 1-36. ",S2_SS4,2-22,389,Case No. 6; Krauch; Closing Statement; Nuremberg,,,,,application/pdf,,,,militarytribunalcasesix,image,/objects/militarytribunalcasesix.pdf,/objects/small/militarytribunalcasesix_sm.jpg,/objects/thumbs/militarytribunalcasesix_th.jpg,,
dubois424,continuation_usa_against_carlkrauch.pdf,"Pages 37-80 of Closing Statement for Case No. 6 The USA Against Carl Krauch, et al., Defendants",Holocaust Education and Resource Center,,,"This is page 37, the starting page of this second packet. The packet is of pages 37-38. Pages 1-36 are in the Closing Statement for Case No. 6 The USA against Carl Krauch, et al., Defendants",S2_SS4,2-22,389,Case No. 6; Krauch; Closing Statement; Pages 37-80,,,,,application/pdf,,,,continuation_usa_against_carlkrauch,image,/objects/continuation_usa_against_carlkrauch.pdf,/objects/small/continuation_usa_against_carlkrauch_sm.jpg,/objects/thumbs/continuation_usa_against_carlkrauch_th.jpg,,
dubois425,finalpageofusaagainstkarl.pdf,"Final Page of Closing Statement for Case No. 6 The USA Against Carl Krauch, et al., Defendants",Holocaust Education and Resource Center,,,"This is page 81, the final page of Closing Statement for Case No. 6 The USA Against Carl Krauch, et al., Defendants. ",S2_SS4,2-22,389,Case No. 6; Krauch; Closing Statement; Final Page,,,,,application/pdf,,,,finalpageofusaagainstkarl,image,/objects/finalpageofusaagainstkarl.pdf,/objects/small/finalpageofusaagainstkarl_sm.jpg,/objects/thumbs/finalpageofusaagainstkarl_th.jpg,,
dubois426,officialtranscript_usa_against_carlkrauch.pdf,Official Transcript of the United States of America Against Carl Krauch in Nurnberg,Holocaust Education and Resource Center,1947-10-14,No,"This is page 2005, the starting page of this packet. The packet consists of pages 2005-2055. It is the official transcript of the American Military Tribunal in the matter of the United States of America against Carl Krauch, et al., Defendants. This is taking place in Nurnberg, Germany with Justice Shake presiding. ",S2_SS4,2-22,389,Krauch; American Military Tribunal; Official Transcript; Nuremberg,,,,,application/pdf,,,,officialtranscript_usa_against_carlkrauch,image,/objects/officialtranscript_usa_against_carlkrauch.pdf,/objects/small/officialtranscript_usa_against_carlkrauch_sm.jpg,/objects/thumbs/officialtranscript_usa_against_carlkrauch_th.jpg,,
dubois427,judgementofnurembergandprinciplelegality.pdf,Cover Page of The Judgment of Nuremberg and the Principle of Legality of Offences and Penalties by Donnedieu de Vabres,Holocaust Education and Resource Center,1947,Yes,This is the cover page of The Judgment of Nuremberg and the Principle of Legality of Offences and Penalties by Donnedieu de Vabres. It was published in review of Penal Law and of Criminology in Brussels. The packet is pages 1-25. ,S2_SS4,2-22,389,Nuremberg Judgment; Legality; Offences; Penalties; Vabres,,,,,application/pdf,,,,judgementofnurembergandprinciplelegality,image,/objects/judgementofnurembergandprinciplelegality.pdf,/objects/small/judgementofnurembergandprinciplelegality_sm.jpg,/objects/thumbs/judgementofnurembergandprinciplelegality_th.jpg,,
dubois428,summaryoffinalpleasilcher.pdf,First Page of Summary Compiled for the Pres. of the Final Plea Silcher,Holocaust Education and Resource Center,,,This is the cover page which is the index of the summary compiled for the president. This packet only is pages 1-4. It is missing the rest. ,S2_SS4,2-22,389,Silcher; Final Plea; Summary; Index,,,,,application/pdf,,,,summaryoffinalpleasilcher,image,/objects/summaryoffinalpleasilcher.pdf,/objects/small/summaryoffinalpleasilcher_sm.jpg,/objects/thumbs/summaryoffinalpleasilcher_th.jpg,,
dubois429,judgeandersonquestion.pdf,First Page of a Packet Discussing War Crimes,Holocaust Education and Resource Center,,,This is the first page of a packet that has pages 1-27. This page speaks about war crimes. ,S2_SS4,2-22,390,War Crimes; Packet,,,,,application/pdf,,,,judgeandersonquestion,image,/objects/judgeandersonquestion.pdf,/objects/small/judgeandersonquestion_sm.jpg,/objects/thumbs/judgeandersonquestion_th.jpg,,
dubois430,kugleroffense.pdf,Page of a Packet Discussing 'Kugler' and 'Ho' Crimes,Holocaust Education and Resource Center,,,This packet consists of pages 124-182. It is missing pages 1-123. This page discusses what 'Kugler' has done and why 'Ho' is guilty.  ,S2_SS4,2-22,390,Kugler; Ho; Crimes; Packet,,,,,application/pdf,,,,kugleroffense,image,/objects/kugleroffense.pdf,/objects/small/kugleroffense_sm.jpg,/objects/thumbs/kugleroffense_th.jpg,,
dubois441,boundsforrefugeefunds.pdf,Bounds for Funds for Refugees,Holocaust Education and Resource Center,1943-10-4,No,Memo by Hodel on the bounds the Treasury's funds can be spent in order to evacuate refugee's from Europe.,1,1-1,10,Hodel; Treasury Funds; Refugees; Europe; Memo,,,,,application/pdf,,,,boundsforrefugeefunds,image,/objects/boundsforrefugeefunds.pdf,/objects/small/boundsforrefugeefunds_sm.jpg,/objects/thumbs/boundsforrefugeefunds_th.jpg,,
dubois442,arrangementsapprovedbytreasury.pdf,Arrangements approved by the Treasury,Holocaust Education and Resource Center,,,Memo on the bounds for the Treasury funds for the World Jewish Congress.,1,1-1,10,Treasury Funds; World Jewish Congress; Memo,,,,,application/pdf,,,,arrangementsapprovedbytreasury,image,/objects/arrangementsapprovedbytreasury.pdf,/objects/small/arrangementsapprovedbytreasury_sm.jpg,/objects/thumbs/arrangementsapprovedbytreasury_th.jpg,,
dubois443,paraphrasetelegram_twothreeseventhree.pdf,Paraphrase Telegram 5598,Holocaust Education and Resource Center,1943-9-28,No,Memo to the American Legation on the funds to be sent to the World Jewish Congress.,1,1-1,10,Memo; American Legation; Funds; World Jewish Congress.,,,,,application/pdf,,,,paraphrasetelegram_twothreeseventhree,image,/objects/paraphrasetelegram_twothreeseventhree.pdf,/objects/small/paraphrasetelegram_twothreeseventhree_sm.jpg,/objects/thumbs/paraphrasetelegram_twothreeseventhree_th.jpg,,
dubois444,telegram_fivefivenineeight.pdf,Telegram 5598 about Treasury Funds for the World Jewish Congress,Holocaust Education and Resource Center,1943-9-9,No,Telegram from Bern to the Secretary of State on the funds meant to be sent by the Treasury Department. This telegram is two pages long with minimal handwritten edits.,1,1-1,10,Telegram 5598; Bern; Secretary of State; Treasury Funds,,,,,application/pdf,,,,telegram_fivefivenineeight,image,/objects/telegram_fivefivenineeight.pdf,/objects/small/telegram_fivefivenineeight_sm.jpg,/objects/thumbs/telegram_fivefivenineeight_th.jpg,,
dubois445,telegram_twoonesixtytwo.pdf,Response to Telegram 5149 about World Jewish Congress Funds,Holocaust Education and Resource Center,1943-9-4,No,Response to telegram 5149 on the details of the funds for the World Jewish Congress. This telegram is two pages long.,1,1-1,10,Response; Telegram 2182; Telegram 5149; World Jewish Congress; Funds,,,,,application/pdf,,,,telegram_twoonesixtytwo,image,/objects/telegram_twoonesixtytwo.pdf,/objects/small/telegram_twoonesixtytwo_sm.jpg,/objects/thumbs/telegram_twoonesixtytwo_th.jpg,,
dubois446,telegram_fiveonefortynine.pdf,Telegram 5149 about World Jewish Congress Funds,Holocaust Education and Resource Center,1943-8-23,No,Two paged telegram from the American Legation to the Secretary of State on the World Jewish Congress' funds. The pages are stapled together.,1,1-1,10,Telegram 5149; American Legation; Secretary of State; World Jewish Congress; Funds,,,,,application/pdf,,,,telegram_fiveonefortynine,image,/objects/telegram_fiveonefortynine.pdf,/objects/small/telegram_fiveonefortynine_sm.jpg,/objects/thumbs/telegram_fiveonefortynine_th.jpg,,
dubois447,draftcabletobern.pdf,Draft Cable to Bern about Telegram 5149,Holocaust Education and Resource Center,,,Draft Cable in response to Telegram 5149.,1,1-1,10,Telegram 5149; Bern; Draft Cable,,,,,application/pdf,,,,draftcabletobern,image,/objects/draftcabletobern.pdf,/objects/small/draftcabletobern_sm.jpg,/objects/thumbs/draftcabletobern_th.jpg,,
dubois448,telegram_twozeroseventyseven.pdf,Telegram 2077 from the Secretary od State to American Legation,Holocaust Education and Resource Center,1943-8-26,No,Telegram from the Secretary of State to the American Legation.,1,1-1,10,Telegram 2077; Secretary of State; American Legation,,,,,application/pdf,,,,telegram_twozeroseventyseven,image,/objects/telegram_twozeroseventyseven.pdf,/objects/small/telegram_twozeroseventyseven_sm.jpg,/objects/thumbs/telegram_twozeroseventyseven_th.jpg,,
dubois449,asagreedtointreasury.pdf,Telegram about Treasury Terms from Telegram 4989,Holocaust Education and Resource Center,1943-8-21,No,Telegram speaking on the terms from telegram 4989. This telegram has two pages.,1,1-1,10,Telegram 4989; Treasury; State; Terms,,,,,application/pdf,,,,asagreedtointreasury,image,/objects/asagreedtointreasury.pdf,/objects/small/asagreedtointreasury_sm.jpg,/objects/thumbs/asagreedtointreasury_th.jpg,,
dubois450,telegram_fournineeightynine.pdf,Telegram 4989 about Clarifying Previous Cables,Holocaust Education and Resource Center,1943-8-16,No,Telegram on clarification on wording of previous cables 1889 and 3767.,1,1-1,10,Telegram 4989; Cables 1889; 3767; Clarification,,,,,application/pdf,,,,telegram_fournineeightynine,image,/objects/telegram_fournineeightynine.pdf,/objects/small/telegram_fournineeightynine_sm.jpg,/objects/thumbs/telegram_fournineeightynine_th.jpg,,
dubois451,evacuationproposal.pdf,Report on the World Jewish Congress Evacuation Proposal,Holocaust Education and Resource Center,1943-8-12,No,Letter report on the background of the proposal for the World Jewish Congress. This letter is four pages long.,1,1-1,10,Evacuation Proposal; World Jewish Congress; Background Report,,,,,application/pdf,,,,evacuationproposal,image,/objects/evacuationproposal.pdf,/objects/small/evacuationproposal_sm.jpg,/objects/thumbs/evacuationproposal_th.jpg,,
dubois452,overthephone_meltzer.pdf,Telephone Transcript about Treasury License Agreements,Holocaust Education and Resource Center,1943-8-11,No,"Transcript of a call to Mr Meltzer on the Treasury's license agreements, and their rules and bounds. This transcript is two pages.",1,1-1,10,Meltzer; Treasury License Agreements; Telephone Transcript,,,,,application/pdf,,,,overthephone_meltzer,image,/objects/overthephone_meltzer.pdf,/objects/small/overthephone_meltzer_sm.jpg,/objects/thumbs/overthephone_meltzer_th.jpg,,
dubois453,jewishnumbers.pdf,Letter to Morgenthau about Information from Wise,Holocaust Education and Resource Center,1943-8-12,No,Letter to Secretary Morgenthau on the information from Dr Wise.,1,1-1,10,Morgenthau; Wise; Jewish Numbers; Letter,,,,,application/pdf,,,,jewishnumbers,image,/objects/jewishnumbers.pdf,/objects/small/jewishnumbers_sm.jpg,/objects/thumbs/jewishnumbers_th.jpg,,
dubois454,jewish_numbers_in_europe.pdf,Letter from Welles to Wise about Jews in Continental Europe,Holocaust Education and Resource Center,1943-8-6,No,"Letter from Summer Welles to Rabbi Wise over the amount of Jews in Europe, broken down by where in Europe they came from. This letter is two pages long.",1,1-1,10,Welles; Wise; Continental Europe; Letter,,,,,application/pdf,,,,jewish_numbers_in_europe,image,/objects/jewish_numbers_in_europe.pdf,/objects/small/jewish_numbers_in_europe_sm.jpg,/objects/thumbs/jewish_numbers_in_europe_th.jpg,,
dubois455,treasurystate_liscene.pdf,Treasury-State License Call about Funds for Bern,Holocaust Education and Resource Center,1943-8-7,No,"Transcript of a call from Mrs Taylor to Miss Rhea on the treasury funds meant to be sent to Bern, and the Treasury's authority to do it, as well as clearing up a misconception on where the funds would go.",1,1-1,10,Taylor; Rhea; Treasury Funds; Bern; License Call,,,,,application/pdf,,,,treasurystate_liscene,image,/objects/treasurystate_liscene.pdf,/objects/small/treasurystate_liscene_sm.jpg,/objects/thumbs/treasurystate_liscene_th.jpg,,
dubois456,world_jewish_congress_attached.pdf,Letter from Morgenthau to Hull about Wise’s Attached Letter,Holocaust Education and Resource Center,1943-8-5,No,Letter from Secretary Morgenthau to Cordell on an attached letter from Stephen Wise of the World Jewish Congress.,1,1-1,10,Morgenthau; Hull; Wise; World Jewish Congress; Attached Letter,,,,,application/pdf,,,,world_jewish_congress_attached,image,/objects/world_jewish_congress_attached.pdf,/objects/small/world_jewish_congress_attached_sm.jpg,/objects/thumbs/world_jewish_congress_attached_th.jpg,,
dubois458,memofrommorgentopres.pdf,Letter from Morgenthau to the President about Wise’s Letter,Holocaust Education and Resource Center,1943,Yes,Letter from Secretary Morgenthau to the President with a copy of a letter from Stephen Wise.,1,1-1,10,Morgenthau; President; Wise; Letter,,,,,application/pdf,,,,memofrommorgentopres,image,/objects/memofrommorgentopres.pdf,/objects/small/memofrommorgentopres_sm.jpg,/objects/thumbs/memofrommorgentopres_th.jpg,,
dubois460,morgenthaureplydraft.pdf,Draft Reply from Morgenthau to Hull about Wise’s Letter,Holocaust Education and Resource Center,1943-8-5,No,Letter from Morgenthau to Cordell on a draft response to a letter from Stephen Wise.,1,1-1,10,Morgenthau; Hull; Wise; Reply Draft,,,,,application/pdf,,,,morgenthaureplydraft,image,/objects/morgenthaureplydraft.pdf,/objects/small/morgenthaureplydraft_sm.jpg,/objects/thumbs/morgenthaureplydraft_th.jpg,,
dubois461,departmentcableexchange.pdf,Letter to Wise about State and Treasury Cable Exchange,Holocaust Education and Resource Center,1943,Yes,"Letter to Stephen Wise on the funds for the World Jewish Congress, and how all that's left is waiting for the State and Treasury departments to correspond with one another.",1,1-1,10,Wise; World Jewish Congress; Funds; State Department; Treasury Department,,,,,application/pdf,,,,departmentcableexchange,image,/objects/departmentcableexchange.pdf,/objects/small/departmentcableexchange_sm.jpg,/objects/thumbs/departmentcableexchange_th.jpg,,
dubois462,ajctopresident.pdf,Letter from the American Jewish Congress to the President about Refugee Funds,Holocaust Education and Resource Center,1943-7-23,No,Two paged letter from Stephen Wise to the President on the funds regarding the plan to help Jewish Refugees. Wise also speaks on that the President should give a warning to the Nazi regime.,1,1-1,10,Wise; President; American Jewish Congress; Jewish Refugees; Nazi Regime,,,,,application/pdf,,,,ajctopresident,image,/objects/ajctopresident.pdf,/objects/small/ajctopresident_sm.jpg,/objects/thumbs/ajctopresident_th.jpg,,
dubois463,replyingtoworld_jewish_congress.pdf,Letter to Hull about Replying to the American Jewish Congress,Holocaust Education and Resource Center,1943-8-5,No,"Letter to Cordell on replying to the American Jewish Congress about the funds for the program, and the State and Treasury Departments discussino over the proposal. This letter is two pages long.",1,1-1,10,Letter; Hull; American Jewish Congress; Program; State Department; Treasury Department,,,,,application/pdf,,,,replyingtoworld_jewish_congress,image,/objects/replyingtoworld_jewish_congress.pdf,/objects/small/replyingtoworld_jewish_congress_sm.jpg,/objects/thumbs/replyingtoworld_jewish_congress_th.jpg,,
dubois464,morgen_to_paul.pdf,Letter from Morgenthau to Paul about the American Jewish Congress Program,Holocaust Education and Resource Center,,,"This letter has six points of note on the program from the American Jewish Congress, this letter is two pages.",1,1-1,10,Letter; Morgenthau; Paul; American Jewish Congress; Program,,,,,application/pdf,,,,morgen_to_paul,image,/objects/morgen_to_paul.pdf,/objects/small/morgen_to_paul_sm.jpg,/objects/thumbs/morgen_to_paul_th.jpg,,
dubois465,sympathymemo.pdf,Memo from Morgenthau to Wise about the Refugee Evacuation Proposal,Holocaust Education and Resource Center,1943-7-31,No,Short memo to Stephen Wise from Morgenthau showing sympathies for the proposal of evacuating refugees and how the treasury is looking at the proposal.,1,1-1,10,Wise; Morgenthau; Refugee Evacuation; Sympathetic Memo,,,,,application/pdf,,,,sympathymemo,image,/objects/sympathymemo.pdf,/objects/small/sympathymemo_sm.jpg,/objects/thumbs/sympathymemo_th.jpg,,
dubois466,ajctomorgen.pdf,Letter from Wise to Morgenthau about Evacuating Jews from Europe,Holocaust Education and Resource Center,1943-7-23,No,Letter from Stephen Wise of the American Jewish Congress to Secretary Morgenthau on the proposal to get Jews out of Europe.,1,1-1,10,Letter; Wise; Morgenthau; American Jewish Congress; Europe,,,,,application/pdf,,,,ajctomorgen,image,/objects/ajctomorgen.pdf,/objects/small/ajctomorgen_sm.jpg,/objects/thumbs/ajctomorgen_th.jpg,,
dubois467,referencetotelegrams.pdf,Letter Referencing Telegrams about Jewish Refugee Evacuation Funds,Holocaust Education and Resource Center,1943-7-23,No,"Letter referecing other telegrams further discussing the details of the program to evacuate Jewish Refugees. This letter breaks down into points on what would happen to the funds, where the refugees would go, and rules in which the funds to be handled. This letter is three pages long.",1,1-1,10,Letter; Telegrams; Refugee Evacuation; Funds; Jewish Refugees,,,,,application/pdf,,,,referencetotelegrams,image,/objects/referencetotelegrams.pdf,/objects/small/referencetotelegrams_sm.jpg,/objects/thumbs/referencetotelegrams_th.jpg,,
dubois468,shortdiscussiontelegram.pdf,Telegram to Morgenthau about the World Jewish Congress Proposal,Holocaust Education and Resource Center,1943-7-19,No,Short telegram to Secretary Morgenthau on a memo sent on July 1st about the proposal for the World Jewish Congress and that it is being discussed.,1,1-1,10,Morgenthau; World Jewish Congress; Telegram; Memo,,,,,application/pdf,,,,shortdiscussiontelegram,image,/objects/shortdiscussiontelegram.pdf,/objects/small/shortdiscussiontelegram_sm.jpg,/objects/thumbs/shortdiscussiontelegram_th.jpg,,
dubois469,memofrompehle.pdf,Memo from Pehle about Treasury Funds for the World Jewish Congress,Holocaust Education and Resource Center,1943-7-16,No,Memo from Pehle on how the Treasury is willing to go through with the funds for the World Jewish Congress.,1,1-1,10,Pehle; Treasury Funds; World Jewish Congress; Memo,,,,,application/pdf,,,,memofrompehle,image,/objects/memofrompehle.pdf,/objects/small/memofrompehle_sm.jpg,/objects/thumbs/memofrompehle_th.jpg,,
dubois470,conferenceprogram_jewsfleeromania.pdf,Conference Letter about Evacuating Jews from Romania,Holocaust Education and Resource Center,1943-7-15,No,"Two paged letter on the details of this conference, in which members of both the State and Treasury department were in attendence. The details of this conference were on the program put forward by the World Jewish Congress and where these refugees would go. This memo is two pages long.",1,1-1,10,Evacuation; Romania; World Jewish Congress; Conference,,,,,application/pdf,,,,conferenceprogram_jewsfleeromania,image,/objects/conferenceprogram_jewsfleeromania.pdf,/objects/small/conferenceprogram_jewsfleeromania_sm.jpg,/objects/thumbs/conferenceprogram_jewsfleeromania_th.jpg,,
dubois471,praphrasetelgram_fourzeroninefour.pdf,Paraphrased Telegram 4094 from Meltzer to Pehle,Holocaust Education and Resource Center,1943-7-14,No,"From Meltzer to Pehle, attached is telegram 4094.",1,1-1,10,Meltzer; Pehle; Telegram 4094; Paraphrase,,,,,application/pdf,,,,praphrasetelgram_fourzeroninefour,image,/objects/praphrasetelgram_fourzeroninefour.pdf,/objects/small/praphrasetelgram_fourzeroninefour_sm.jpg,/objects/thumbs/praphrasetelgram_fourzeroninefour_th.jpg,,
dubois472,telegram_fourzeroninefour.pdf,Telegram 4094 about Red Cross Aid for Jewish Refugees,Holocaust Education and Resource Center,1943-7-10,No,Telegram from the American Legation in Bern to the Secretary of State. This telegram is on the International Red Cross and the relation to the program for evacuating Jewish Refugees.,1,1-1,10,Telegram 4094; American Legation; Bern; Red Cross; Jewish Refugees,,,,,application/pdf,,,,telegram_fourzeroninefour,image,/objects/telegram_fourzeroninefour.pdf,/objects/small/telegram_fourzeroninefour_sm.jpg,/objects/thumbs/telegram_fourzeroninefour_th.jpg,,
dubois473,evacuate_jews_plan.pdf,Letter to Morgenthau about Evacuating Jews from Romania,Holocaust Education and Resource Center,1943-7-1,No,"Letter to Secretary Morgenthau on a plan to evacuate Jews from Romania, using funds to bribe Romanian officials to let 70,000 jews leave, with the help of Merchants to transport them.",1,1-1,10,Morgenthau; Evacuation; Romania; Funds,,,,,application/pdf,,,,evacuate_jews_plan,image,/objects/evacuate_jews_plan.pdf,/objects/small/evacuate_jews_plan_sm.jpg,/objects/thumbs/evacuate_jews_plan_th.jpg,,
dubois474,paraphrasetelegram_threeninetwonine.pdf,Paraphrased Telegram 3929 about the Riegner Plan,Holocaust Education and Resource Center,1943,Yes,Paraphrased telegram on the Riegner plan and some statements by a representative by the American Red Cross.,1,1-1,10,Paraphrased Telegram 3929; Riegner Plan; American Red Cross,,,,,application/pdf,,,,paraphrasetelegram_threeninetwonine,image,/objects/paraphrasetelegram_threeninetwonine.pdf,/objects/small/paraphrasetelegram_threeninetwonine_sm.jpg,/objects/thumbs/paraphrasetelegram_threeninetwonine_th.jpg,,
dubois476,telegram_threesevenzeronine.pdf,Telegram 3709 about Red Cross Information on Jews in Transnistria,Holocaust Education and Resource Center,1943-6-22,No,"This telegram is broken up into two sections and into four subsections. These subsections are infromation given by the International Red Cross on the oragnizations, number of Jews, and solutions in Transinstria.",1,1-1,10,Telegram 3709; International Red Cross; Transnistria,,,,,application/pdf,,,,telegram_threesevenzeronine,image,/objects/telegram_threesevenzeronine.pdf,/objects/small/telegram_threesevenzeronine_sm.jpg,/objects/thumbs/telegram_threesevenzeronine_th.jpg,,
dubois477,paraphrase_onetwofournine.pdf,Telegram from Meltzer to Pehle about Telegram 1249,Holocaust Education and Resource Center,1943,Yes,Short telegram to Pehle from Meltzer on telegram 1249.,1,1-1,10,Meltzer; Pehle; Telegram 1249,,,,,application/pdf,,,,paraphrase_onetwofournine,image,/objects/paraphrase_onetwofournine.pdf,/objects/small/paraphrase_onetwofournine_sm.jpg,/objects/thumbs/paraphrase_onetwofournine_th.jpg,,
dubois478,telegram_onetwofournine.pdf,Telegram 1249 about Evacuating Jews from Romania,Holocaust Education and Resource Center,1943-5-25,No,Three page telegram from Hull to Bern with concerns behind the plan to evacuate the Jews from Romania. Hull's concerns are broken up into four points.,1,1-1,10,Telegram 1249; Hull; Bern; Evacuation; Romania,,,,,application/pdf,,,,telegram_onetwofournine,image,/objects/telegram_onetwofournine.pdf,/objects/small/telegram_onetwofournine_sm.jpg,/objects/thumbs/telegram_onetwofournine_th.jpg,,
dubois479,sectionone.pdf,Section 1 of Telegram Response to Telegram 1249,Holocaust Education and Resource Center,1943-6-14,No,Start of a multi page telegram to the Secretary of State in response to telegram 1249. This telegram was sent by Harrison from the American Legation in Bern.,1,1-1,10,Section 1; Harrison; American Legation; Bern; Telegram 1249,,,,,application/pdf,,,,sectionone,image,/objects/sectionone.pdf,/objects/small/sectionone_sm.jpg,/objects/thumbs/sectionone_th.jpg,,
dubois480,sectiontwo.pdf,Section 2 of Telegram to the Secretary of State,Holocaust Education and Resource Center,1943-6-14,No,Section 2 of the telegram to the Secretarty of State.,1,1-1,10,Section 2; Secretary of State; Telegram,,,,,application/pdf,,,,sectiontwo,image,/objects/sectiontwo.pdf,/objects/small/sectiontwo_sm.jpg,/objects/thumbs/sectiontwo_th.jpg,,
dubois481,sectionthree.pdf,Section 3 of Telegram to the Secretary of State,Holocaust Education and Resource Center,1943-6-14,No,Section 3 of the telegram to the Secretary of State.,1,1-1,10,Section 3; Secretary of State; Telegram,,,,,application/pdf,,,,sectionthree,image,/objects/sectionthree.pdf,/objects/small/sectionthree_sm.jpg,/objects/thumbs/sectionthree_th.jpg,,
dubois482,sectionfour.pdf,Section 4 of Telegram to the Secretary of State,Holocaust Education and Resource Center,1943-6-14,No,"Section 4 of the telegram to the Secretary of State, this section has two pages.",1,1-1,10,Section 4; Secretary of State; Telegram,,,,,application/pdf,,,,sectionfour,image,/objects/sectionfour.pdf,/objects/small/sectionfour_sm.jpg,/objects/thumbs/sectionfour_th.jpg,,
dubois483,sectionfive.pdf,Section 5 of Telegram to the Secretary of State,Holocaust Education and Resource Center,1943-6-14,No,"Section 5 of the telegram to the Secretary of State, this section has two pages.",1,1-1,10,Section 5; Secretary of State; Telegram,,,,,application/pdf,,,,sectionfive,image,/objects/sectionfive.pdf,/objects/small/sectionfive_sm.jpg,/objects/thumbs/sectionfive_th.jpg,,
dubois484,sectionsix.pdf,Section 6 of Telegram to the Secretary of State,Holocaust Education and Resource Center,1943-6-14,No,"Section 6 of the telegram to the Secretary of State, this section has 2 pages.",1,1-1,10,Section 6; Secretary of State; Telegram,,,,,application/pdf,,,,sectionsix,image,/objects/sectionsix.pdf,/objects/small/sectionsix_sm.jpg,/objects/thumbs/sectionsix_th.jpg,,
dubois485,sectionseven.pdf,Section 7 of Telegram to the Secretary of State,Holocaust Education and Resource Center,1943-6-14,No,"Section 7 of the telegram to the Secretary of State, this section has two pages.",1,1-1,10,Section 7; Secretary of State; Telegram,,,,,application/pdf,,,,sectionseven,image,/objects/sectionseven.pdf,/objects/small/sectionseven_sm.jpg,/objects/thumbs/sectionseven_th.jpg,,
dubois486,sectioneight.pdf,Section 8 of Telegram to the Secretary of State,Holocaust Education and Resource Center,1943-6-14,No,Section 8 of the telegram to the Secretary of State.,1,1-1,10,Section 8; Secretary of State; Telegram,,,,,application/pdf,,,,sectioneight,image,/objects/sectioneight.pdf,/objects/small/sectioneight_sm.jpg,/objects/thumbs/sectioneight_th.jpg,,
dubois487,letterfromwise_towelles.pdf,Letter from Wise to Welles about the Refugee Evacuation Program,Holocaust Education and Resource Center,1943-5-3,No,"A two paged letter from Stephen Wise to Secretary Welles, providing information on the details of the program as well as urging Welles to support the program.",1,1-1,10,Wise; Welles; Program; Letter,,,,,application/pdf,,,,letterfromwise_towelles,image,/objects/letterfromwise_towelles.pdf,/objects/small/letterfromwise_towelles_sm.jpg,/objects/thumbs/letterfromwise_towelles_th.jpg,,
dubois488,harrisontohull_sectionone.pdf,"Harrison Letter to Hull about Red Cross Aid, Section One",Holocaust Education and Resource Center,1943-4-20,No,"This letter is an add on to Harrison's telegram 2460, on the Red Cross ability to get involved with the program.",1,1-1,10,Letter; Harrison; Hull; Telegram 2460; Red Cross,,,,,application/pdf,,,,harrisontohull_sectionone,image,/objects/harrisontohull_sectionone.pdf,/objects/small/harrisontohull_sectionone_sm.jpg,/objects/thumbs/harrisontohull_sectionone_th.jpg,,
dubois489,harrisontohull_sectiontwo.pdf,"Harrison Letter to Hull about Red Cross Aid, Section Two",Holocaust Education and Resource Center,1943-4-20,No,"The second section to Harrison's letter to the Secretary of State,",1,1-1,10,Harrison; Hull; Section Two; Letter,,,,,application/pdf,,,,harrisontohull_sectiontwo,image,/objects/harrisontohull_sectiontwo.pdf,/objects/small/harrisontohull_sectiontwo_sm.jpg,/objects/thumbs/harrisontohull_sectiontwo_th.jpg,,
dubois490,harrisontohull_sectionthree.pdf,"Harrison Letter to Hull about Red Cross Aid, Section Three",Holocaust Education and Resource Center,1943-4-20,No,"The third section to Harrison's letter to the Secretary of State,",1,1-1,10,Harrison; Hull; Section Three; Letter,,,,,application/pdf,,,,harrisontohull_sectionthree,image,/objects/harrisontohull_sectionthree.pdf,/objects/small/harrisontohull_sectionthree_sm.jpg,/objects/thumbs/harrisontohull_sectionthree_th.jpg,,
dubois492,harrison_hull_fullpage.pdf,Sections One and Two of Telegram 2460,Holocaust Education and Resource Center,1943-4-20,No,A full page of sections one and two from telegram 2460.,1,1-1,10,Harrison; Hull; Telegram 2460; Sections One and Two,,,,,application/pdf,,,,harrison_hull_fullpage,image,/objects/harrison_hull_fullpage.pdf,/objects/small/harrison_hull_fullpage_sm.jpg,/objects/thumbs/harrison_hull_fullpage_th.jpg,,
dubois493,ordersfrom_secretary.pdf,Telegram about Wise and Riegner Information on Jews in Nazi-Occupied Territories,Holocaust Education and Resource Center,1943-4-10,No,Short telegram from the Secretary of State to the American Legation that Rabbi Wise and Dr Riegner have important information regarding the Jews in Nazi-Occupied territories. And the legation is told to get in trouch with Dr Riegner and report this information to the department.,1,1-1,10,Secretary of State; American Legation; Wise; Riegner; Nazi Occupied Territories,,,,,application/pdf,,,,ordersfrom_secretary,image,/objects/ordersfrom_secretary.pdf,/objects/small/ordersfrom_secretary_sm.jpg,/objects/thumbs/ordersfrom_secretary_th.jpg,,
dubois494,fromburns_forvictor.pdf,Telegram about Berlin Source Reporting Jewish Arrests and Killings,Holocaust Education and Resource Center,1943-3-10,No,"Telegram on a Berlin source speaking on Jews who have been arrested, put in Gestapo prisons, and killed.",1,1-1,10,Berlin Source; Gestapo; Arrests; Killings; Telegram,,,,,application/pdf,,,,fromburns_forvictor,image,/objects/fromburns_forvictor.pdf,/objects/small/fromburns_forvictor_sm.jpg,/objects/thumbs/fromburns_forvictor_th.jpg,,
dubois495,donotaccept_privatereports.pdf,Telegram about Refusing Private Reports from Individuals,Holocaust Education and Resource Center,1943-2-10,No,Telegram from the Secretary of State to the American Legation on not accepting private reports from private individuals.,1,1-1,10,Secretary of State; American Legation; Private Reports; Telegram,,,,,application/pdf,,,,donotaccept_privatereports,image,/objects/donotaccept_privatereports.pdf,/objects/small/donotaccept_privatereports_sm.jpg,/objects/thumbs/donotaccept_privatereports_th.jpg,,
dubois496,deliverto_stephen.pdf,Letter to Wise about Jews in Nazi-Occupied Europe,Holocaust Education and Resource Center,1943-1-21,No,Two paged letter meant to be delivered to Rabbi Stephen Wise on the state of the Jews in Nazi Occupied Europe.,1,1-1,10,Wise; Nazi Occupied Europe; Letter,,,,,application/pdf,,,,deliverto_stephen,image,/objects/deliverto_stephen.pdf,/objects/small/deliverto_stephen_sm.jpg,/objects/thumbs/deliverto_stephen_th.jpg,,
dubois497,personal_acting_secretary.pdf,Letter about World Jewish Congress Reports on Jews in Europe,Holocaust Education and Resource Center,1942-10-5,No,Letter from the Secretary of State to the American Legation on gathering information on the Jews in Europe as the World Jewish Congress has been sending in reports to Geneva and London.,1,1-1,10,Leter; Secretary of State; American Legation; World Jewish Congress; Europe,,,,,application/pdf,,,,personal_acting_secretary,image,/objects/personal_acting_secretary.pdf,/objects/small/personal_acting_secretary_sm.jpg,/objects/thumbs/personal_acting_secretary_th.jpg,,